claim_id,admissible_claim,reference_ids,exact_location,claim_limit,status
L001,"XPoSat carries POLIX and XSPECT with different scientific roles.","R01;R02","R01 POLIX and XSPECT payload sections; R02 pp. 1, 7-10","Use current official bands; do not transfer XSPECT capability to POLIX.","VERIFIED AND RETAIN"
L002,"POLIX uses a low-Z scatterer surrounded by four proportional-counter detectors to measure an azimuthal Thomson-scattering response.","R01;R02;R05","R01 POLIX section; R02 Sec. 1 and Fig. 1; R05 instrument description","R05 is development lineage; flight product details must come from R02.","VERIFIED AND RETAIN"
L003,"The released WeightedRoll product contains source and background modulation contributions.","R02","R02 p. 26, WeightedRoll_L2.fits description","Does not support calling the product background-subtracted.","VERIFIED AND RETAIN"
L004,"Current released POLIX data described by handbook V1.0 are not sufficient for polarization measurement under the documented variable-background conditions.","R02","R02 p. 57, Sec. 12","Version-specific statement; recheck against future handbook releases.","VERIFIED AND RETAIN"
L005,"Count-mode light curves are diagnostic and are not intended for further scientific analysis; POLIX released data are not intended for spectroscopy.","R02","R02 p. 25, Level-2 product descriptions","Does not make engineered variability or PHA proxies unusable; their wording needs approval.","VERIFIED AND RETAIN"
L006,"Stokes Q and U can be accumulated and background contributions treated additively.","R07","R07 abstract and Secs. 2-3, pp. 45-49","General polarimetry principle; does not certify the project's normalization or baseline.","VERIFIED AND RETAIN"
L007,"Azimuthal modulation amplitude and phase require response, background, and coordinate calibration before being interpreted as PD and sky PA.","R02;R06;R07","R02 pp. 26,57; R06 modulation-factor discussion; R07 Secs. 2-4","The project may report raw modulation and fitted phase only.","VERIFIED AND RETAIN"
L008,"Unsupervised astronomical outlier methods can rank unusual objects for expert inspection in the absence of class labels.","R12;R13;R14","R12 abstract and Secs. 3-5; R13 abstract/method; R14 abstract and framework","Does not establish anomaly ground truth or physical novelty.","VERIFIED AND RETAIN"
L009,"Isolation Forest isolates observations through random recursive partitioning and derives anomaly evidence from path lengths.","R11","R11 Secs. 2-3, pp. 413-417","Does not justify contamination 0.16 or guarantee stability.","VERIFIED AND RETAIN"
L010,"Explainable anomaly detection is distinct from anomaly detection and includes multiple explanation settings and targets.","R15;R20","R15 abstract and taxonomy sections; R20 abstract","R20 is context only pending full-text inspection.","VERIFIED AND RETAIN"
L011,"Perturbation-based evaluation can assess whether an attribution corresponds to changes in a model output under a specified perturbation.","R16","R16 abstract and Secs. 2-3","Does not make neutralization labels universal or prove scientific truth.","VERIFIED AND RETAIN"
L012,"Unsupervised outlier evaluation without reliable labels is difficult and parameter/data choices can materially affect conclusions.","R17","R17 abstract and Secs. 1,5-6","Does not directly benchmark this 25-row archive.","VERIFIED AND RETAIN"
L013,"PCA, KMeans, and scikit-learn may be cited for algorithm and software provenance.","R08;R09;R10","R08 pp. 559-572; R09 pp. 281-297; R10 pp. 2825-2830","Foundational citations do not validate the project's chosen hyperparameters.","VERIFIED AND RETAIN"
L014,"Multi-view learning concerns multiple views or feature sets and often models their shared/complementary structure.","R21;R22","R21 abstract/taxonomy; R22 abstract and Sec. 1","Context only; Matrix C is not a demonstrated multi-view learning algorithm.","CONTEXT ONLY"
L015,"SHAP is an additive feature-attribution framework used only as a contextual comparator.","R19","R19 abstract and Sec. 2","The deployed method did not use SHAP.","CONTEXT ONLY"
L016,"The official archive and acknowledgment guidance determine data-service and acknowledgment wording.","R03;R04","R03 XPoSat archive page; R04 acknowledgment page","Recheck immediately before submission.","VERIFIED AND RETAIN"
