observation_id,rank,feature,feature_readable,product_family,xai_score,z_score,direction,pca_contribution,kmeans_contribution,isolation_contribution,raw_feature_value
X01_PLX_G01_0006_000000,1,t1A_energy_peak_channel,energy peak channel,Tier1A EnergyRes,2.4544990315347768,4.894105811784397,higher than usual,0.25293991459721354,0.0,0.0925152531016491,465.0
X01_PLX_G01_0006_000000,2,t1A_energy_weighted_mean_channel,energy weighted mean channel,Tier1A EnergyRes,2.207368658481,-3.4325052501646716,lower than usual,0.5565246503233953,0.0,0.0468139879529712,1648.330999701843
X01_PLX_G01_0006_000000,3,t1A_energy_channel_entropy,energy distribution entropy,Tier1A EnergyRes,1.8139679863052869,-2.8556618973058145,lower than usual,0.5070865353003792,0.0,0.02954119485096296,11.993394700426515
X01_PLX_G01_0006_000000,4,t1B_src_roll_smoothness_norm,source roll smoothness variation,Tier1B Source Azimuth,0.706647134238979,1.2173718247420207,higher than usual,0.2113871749412369,0.0,0.007222698234721103,0.2363501224105887
X01_PLX_G01_0006_000000,5,t1A_energy_high_channel_fraction,high-energy channel fraction,Tier1A EnergyRes,0.6878486945414383,-1.071661717953016,lower than usual,0.19930602067715697,0.0,0.010246313246671357,0.0470119122721124
X01_PLX_G01_0003_000000,1,t2_lc_rate_cv,light curve rate variability,Tier2 Light Curve,4.0,4.196256581009564,higher than usual,0.47524256371295687,10.640089548636421,0.06089189858016675,0.1641267867587485
X01_PLX_G01_0003_000000,2,t2_lc_peak_to_median_rate,light curve peak-to-median rate ratio,Tier2 Light Curve,3.030829259122079,3.806515052798732,higher than usual,0.3809618216714444,6.944152289482495,0.04076418558044903,7.718954248366013
X01_PLX_G01_0003_000000,3,t1B_src_roll_entropy,source roll entropy,Tier1B Source Azimuth,1.481218726480596,1.7247735234846353,higher than usual,0.3130165845757442,0.3725551527327171,0.022927735777940828,8.300590653701644
X01_PLX_G01_0003_000000,4,t1A_exp_uniformity_cv,exposure non-uniformity,Tier1A Exposure,1.3636639142389666,-1.6148874384782483,lower than usual,0.31664280655634097,0.35913950587806576,0.01697631290641377,0.6791163729898497
X01_PLX_G01_0003_000000,5,t1A_exp_max_to_min_roll,maximum-to-minimum roll exposure ratio,Tier1A Exposure,0.9714657333535834,-1.2095987771157342,lower than usual,0.2354156384300044,0.11858905578539654,0.010759884663424812,10.105216223978084
X01_PLX_C24_0018_000000,1,t1A_energy_weighted_std_channel,energy spread,Tier1A EnergyRes,2.9020101068722375,3.68338508180506,higher than usual,0.5451217351141048,0.0,0.0630070443936529,1273.187277404439
X01_PLX_C24_0018_000000,2,t1A_energy_high_channel_fraction,high-energy channel fraction,Tier1A EnergyRes,2.544842443516426,3.249521342564005,higher than usual,0.604341050018098,0.0,0.04175047433152068,0.0633350262890858
X01_PLX_C24_0018_000000,3,t1A_energy_channel_entropy,energy distribution entropy,Tier1A EnergyRes,2.0494694216571068,2.4488319017647697,higher than usual,0.43484478529145487,0.0,0.041906118276757276,12.13201460659855
X01_PLX_C24_0018_000000,4,t2_det_pha_centroid_spread,detector spectral centroid spread,Tier2 Detector Balance,1.4455362286360889,-2.846827309891238,lower than usual,0.10178137397815985,0.0,0.03177040009003951,49.087450247956106
X01_PLX_C24_0018_000000,5,t1A_energy_weighted_mean_channel,energy weighted mean channel,Tier1A EnergyRes,1.1795354852759696,1.7057301741940614,higher than usual,0.2765562816528461,0.0,0.016308212978172643,1863.5523438817236
X01_PLX_C24_0010_000000,1,t1B_src_roll_smoothness_norm,source roll smoothness variation,Tier1B Source Azimuth,3.894027808605553,2.2374855803580878,higher than usual,0.38852201619162724,2.170449048000417,0.03034007012393941,0.295644513492677
X01_PLX_C24_0010_000000,2,t1B_src_peak_to_median_roll,source roll peak-to-median ratio,Tier1B Source Azimuth,3.4384709211600266,2.237752765458157,higher than usual,0.43451683677292396,1.6246926601932385,0.020932206838012335,62.35187623436472
X01_PLX_C24_0010_000000,3,t1A_exp_max_to_min_roll,maximum-to-minimum roll exposure ratio,Tier1A Exposure,3.3551376594725193,2.1723552662278744,higher than usual,0.4227901115403376,1.4534115354254769,0.02250365251293751,69.28698984388684
X01_PLX_C24_0010_000000,4,t1A_exp_uniformity_cv,exposure non-uniformity,Tier1A Exposure,2.4134969378074165,1.8049097724132068,higher than usual,0.3539018771837344,0.6837340431447761,0.014485340404449154,2.570373521793628
X01_PLX_C24_0010_000000,5,t1A_energy_anode_balance_cv,anode balance variation,Tier1A EnergyRes,1.9025452918559398,-0.9302042363232571,lower than usual,0.12889622150595476,2.005374009292388,0.008078698476248425,0.1094507615064906
X01_PLX_P01_0005_000000,1,t2_det_pha_centroid_spread,detector spectral centroid spread,Tier2 Detector Balance,3.225532573501398,1.9652851341275297,higher than usual,0.07026398142077477,4.478296269741089,0.035269605069595034,148.13337295515564
X01_PLX_P01_0005_000000,2,t1A_energy_weighted_mean_channel,energy weighted mean channel,Tier1A EnergyRes,2.886397217751052,-1.9215437813296574,lower than usual,0.3115469323562664,1.7640279998227975,0.018154964571856225,1711.6194891285927
X01_PLX_P01_0005_000000,3,t1A_energy_channel_entropy,energy distribution entropy,Tier1A EnergyRes,2.395069820424707,-1.7137935477843456,lower than usual,0.3043223125209638,1.025390348674335,0.011189544914799676,12.023234622852142
X01_PLX_P01_0005_000000,4,t1B_src_roll_entropy,source roll entropy,Tier1B Source Azimuth,1.680645471611577,1.170698649070966,higher than usual,0.2124615711628507,0.3406666655919379,0.01153065844843365,8.220089612781667
X01_PLX_P01_0005_000000,5,t1A_exp_uniformity_cv,exposure non-uniformity,Tier1A Exposure,1.501415183162162,-1.1939163988815218,lower than usual,0.23409993187619746,0.2266762821013365,0.003240719809069592,0.91192681143954
