"Claim_ID","Potential paper claim","Supported? YES / PARTIAL / NO","Exact evidence","Numerical value if applicable","Source file","Function / notebook cell / CSV row","Limitations","Safe wording","Unsafe wording"
"V3-C001","The study analyses 25 observations included in the project archive.","YES","Matrix A/B/C/WR and the saved model each contain the same 25 full observation IDs.","25","D:\ISROtrial\Polix_L2_full_archive\final_project_outputs\02_feature_engineering\polix_matrix_v2_C_primary_plus_supporting.csv","All rows","Archive completeness beyond the project collection is not verified.","25 POLIX Level-2 observations included in the project archive","All available POLIX observations"
"V3-C002","The project mapping contains 10 source and 15 blank-sky observations.","YES","Observation-role metadata joins one-to-one to all 25 IDs.","10 source; 15 blank sky","D:\polix_xai_webapp\config\observation_metadata.json","All metadata entries joined to Matrix C","Roles are project labels, not anomaly ground truth.","10 project-labelled source and 15 project-labelled blank-sky observations","10 positive and 15 negative examples"
"V3-C003","Matrix C contains exactly 15 deployed features and no missing values.","YES","CSV schema has 15 feature columns plus ID; missing-value audit is zero.","25x15; 0 missing","D:\ISROtrial\Polix_L2_full_archive\final_project_outputs\02_feature_engineering\polix_matrix_v2_C_primary_plus_supporting.csv","All feature cells; supplementary audit_summary.json","No prospective missing-data policy is defined.","The frozen Matrix C contains 15 features and no missing values.","The pipeline robustly handles missing future data."
"V3-C004","WeightedRoll is excluded from Matrix C and analysed separately.","YES","No t3_wr column appears in Matrix C; six WR features are stored in a separate matrix.","15 Matrix-C features; 6 separate WR features","Matrix-C and WR CSVs","Column schemas; Notebook 08 matrix definitions","Separation prevents direct circularity but does not prove statistical independence.","WeightedRoll is excluded from the primary Matrix-C input and analysed in a separate branch.","The branches are statistically independent."
"V3-C005","StandardScaler places all 15 features on a common archive-relative numerical scale.","YES","Saved scaler mean/scale is applied before all three saved methods.","15 features","D:\polix_xai_webapp\model\polix_v2_matrixC_unsupervised_xai_model.pkl","Saved scaler; model_service.py analyze path","Means and scales are estimated from the same 25 rows.","Features were standardized using the scaler fitted on the project archive.","Standardization guarantees future-data comparability."
"V3-C006","The first two Matrix-C principal components explain 61.2486% of standardized variance.","YES","Saved PCA explained-variance ratios are 0.387435 and 0.225051.","38.7435%; 22.5051%; total 61.2486%","Saved PKL; matrix_ablation_summary.csv","Matrix C row","The two-dimensional view omits 38.75% of variance and does not set labels.","The first two PCs provide a partial descriptive view of archive geometry.","The PCA plot validates the anomalies."
"V3-C007","Matrix-C KMeans uses five clusters and includes two singleton clusters.","YES","Saved parameters and predicted membership give sizes 1,9,10,1,4.","k=5; cluster sizes 1,9,10,1,4","Saved PKL","kmeans parameters and predictions","k was selected in-sample from a limited range; clusters are not physical classes.","KMeans supplies descriptive assigned-centroid geometry, with two singleton clusters.","Five astrophysical populations were discovered."
"V3-C008","The frozen Isolation Forest uses 100 trees, contamination 0.16, and random state 42.","YES","Parameters read directly from saved artifact.","100; 0.16; 42","Saved PKL","isolation_forest.get_params","Contamination defines the approximate candidate count and is not prevalence.","The frozen screening configuration used contamination 0.16.","The true anomaly rate is 16%."
"V3-C009","The fixed model labels 21 observations Normal and flags four candidates.","YES","All 25 stored scores and predictions reproduce exactly.","21 Normal; 4 candidates","research_paper_ieee\supplementary_experiments\deployed_model_reproduction.csv","All rows","Labels are archive-relative and lack ground truth.","Four observations were flagged as candidates under the frozen configuration.","Four anomalies were confirmed."
"V3-C010","The fixed candidate scores and order are Blank Sky-13, Sco X-1, Her X-1, and Blank Sky-5.","YES","Saved-model replay scores match stored values with zero maximum difference.","0.615964; 0.593516; 0.572308; 0.517611","deployed_model_reproduction.csv","Rows C24_0018, G01_0006, G01_0003, C24_0010","Score is not probability or significance.","The four highest thresholded archive-relative scores form the fixed candidate set.","Blank Sky-13 has 61.6% anomaly probability."
"V3-C011","Blank Sky-13, Sco X-1, and Her X-1 are selected in all 100 tested seeds.","YES","Isolation Forest was refitted for seeds 0-99 with Matrix C and contamination 0.16.","100/100 each","isolation_seed_stability_summary.csv; robustness_audit.py","Seed rows; seed_stability lines 205-246","Seeds are algorithmic repetitions of the same data, not independent samples.","Three candidates were selected in all 100 tested seeds.","The three are certainly anomalous."
"V3-C012","Blank Sky-5 is seed-sensitive.","YES","It is selected in 29 of 100 seed runs with rank range 4-7.","29/100","isolation_seed_stability_summary.csv","C24_0010 row","Frequency is not probability.","Blank Sky-5 lies in a seed-sensitive boundary region.","Blank Sky-5 has a 29% chance of being anomalous."
"V3-C013","Blank Sky-15 is a fixed-Normal boundary competitor.","YES","It is not in the fixed four but is selected in 68/100 seed runs.","68/100","isolation_seed_stability_summary.csv; deployed_model_reproduction.csv","C24_0020 rows","Does not make it a fifth fixed candidate.","Blank Sky-15 illustrates seed-sensitive boundary membership.","The model actually found five candidates."
"V3-C014","The contamination sensitivity test used 0.12, 0.16, 0.20, and 0.24.","YES","Refits at seed 42 yield candidate counts 3,4,5,6.","3,4,5,6 candidates","contamination_sensitivity.csv; robustness_audit.py","contamination_sensitivity lines 249-288","This tests threshold assumptions, not independent performance.","Candidate membership was evaluated across four declared contamination settings.","The test identifies the correct contamination."
"V3-C015","Included-observation jackknife rankings remain similar to the full ranking.","YES","Twenty-five refits on 24 rows give common-row Spearman median 0.989565 and minimum 0.968696.","median 0.989565; minimum 0.968696","jackknife_run_summary.csv","All 25 rows","Most case frequencies keep the case in training; refits are dependent.","The ranking was stable to omission of one other row under the specified refit procedure.","Leave-one-out proves out-of-sample generalization."
"V3-C016","Matrix A uses eight features and flags Blank Sky-13, Blank Sky-15, Sco X-1, and Crab P01_0005.","YES","Matrix-A refit at contamination 0.16 returns those four IDs.","8 features; 4 candidates","matrix_ablation_summary.csv","Matrix A row","It is a sensitivity tier, not a competing validated model.","Matrix A produced this feature-tier-specific candidate set.","Matrix A discovered four true anomalies."
"V3-C017","Matrix B uses eleven features and flags Blank Sky-5, Blank Sky-13, Blank Sky-15, and Sco X-1.","YES","Matrix-B refit returns those four IDs.","11 features; 4 candidates","matrix_ablation_summary.csv","Matrix B row","No labels establish whether this set is better.","Adding source-azimuth features changed threshold membership.","Matrix B improves accuracy."
"V3-C018","Matrix C uses fifteen features and flags Blank Sky-5, Blank Sky-13, Her X-1, and Sco X-1.","YES","Matrix-C refit matches the saved fixed set.","15 features; 4 candidates","matrix_ablation_summary.csv; deployed_model_reproduction.csv","Matrix C row","Chosen as final representation, not proven optimal.","Matrix C is the frozen deployed representation.","Matrix C is scientifically superior."
"V3-C019","Only Sco X-1 and Blank Sky-13 persist across A/B/C.","YES","Intersection of the three candidate sets contains exactly two IDs.","2 persistent cases","matrix_ablation_summary.csv; matrix_flag_and_rank_agreement.csv","Set persistence does not validate anomaly truth.","Sco X-1 and Blank Sky-13 are cross-tier persistent within the tested representations.","They are confirmed anomalies."
"V3-C020","Her X-1 becomes a candidate only in Matrix C.","YES","Ranks 9 and 8 in A/B, rank 3 and selected in C.","A rank 9; B rank 8; C rank 3","matrix_ablation_results.csv","G01_0003 rows","Added Tier-2/context features change multivariate geometry; causality is not established.","Her X-1's candidate status is feature-tier dependent and Matrix-C-specific.","Tier-2 features prove the cause of Her X-1's anomaly."
"V3-C021","Crab P01_0005 is selected only in Matrix A among A/B/C.","YES","Selected at A rank 4; Normal at B/C rank 6.","A selected; B/C Normal","matrix_ablation_results.csv","P01_0005 rows","Does not mean later tiers corrected an error.","Crab P01_0005 demonstrates feature-tier-sensitive membership.","Matrix C correctly rejects a false anomaly."
"V3-C022","PCA distance and Isolation Forest score have strong within-archive rank agreement.","YES","Spearman rho 0.894615 for 25 rows.","rho=0.894615","ranking_agreement.csv","PCA distance vs Isolation Forest row","Same data and preprocessing; not independent validation; p-value not used for population inference.","The two rankings are strongly associated within this archive.","PCA statistically validates Isolation Forest."
"V3-C023","KMeans centroid distance has weak rank association with PCA distance and Isolation Forest score.","YES","rho values 0.155799 and 0.186574.","0.155799; 0.186574","ranking_agreement.csv","Two KMeans rows","Singleton clusters distort centroid-distance interpretation.","Assigned-centroid distance orders the archive differently under this clustering.","KMeans provides independent confirmation."
"V3-C024","The local ranking combines four normalized components.","YES","Current function sums PCA, KMeans squared-distance, positive Isolation Forest occlusion, and absolute z components.","4 components","D:\polix_xai_webapp\model_service.py","explain_one lines 124-186; normalize_score lines 24-31","Components are correlated and equally weighted by design.","A deterministic four-component local ranking is used.","Four independent models vote on each feature."
"V3-C025","Local explanation scores are ordinal within one observation.","YES","Each component is max-normalized across that row's 15 features before summation.","Each normalized component in [0,1]; total in [0,4]","model_service.py","normalize_score and explain_one","Scores are not calibrated or generally comparable between observations.","Scores rank local evidence within an observation.","A score of 4 means 100% causal importance."
"V3-C026","Sco X-1's accepted top features are peak channel, weighted mean channel, and channel entropy.","YES","Current service, PKL, Notebook-10 output, and exact version audit agree.","2.454499; 2.207369; 1.813968","deployed_xai_exact_from_model_service.csv","Ranks 1-3 for G01_0006","Historical entropy-first narrative is unreproducible.","The accepted versioned ranking begins with these three channel-space features.","Entropy is the top deployed feature."
"V3-C027","The perturbation analysis contains six exploratory observations.","YES","Faithfulness CSV has six full IDs: fixed four plus Blank Sky-15 and Blank Sky-6.","6","faithfulness_verdict_reproduction.csv","All rows","The six are not six deployed candidates or an independent validation set.","Six exploratory cases were used for the perturbation check.","The model detected six anomalies."
"V3-C028","Five perturbation cases are Strong and one is Moderate under project definitions.","YES","Verdicts reproduce exactly; Blank Sky-6 is Moderate.","5 Strong; 1 Moderate; 0 Weak","faithfulness_verdict_reproduction.csv","All rows","Categories use sign changes in PCA and Isolation Forest only; KMeans does not enter verdict.","Five cases reduced both tested signals after joint top-three neutralization.","The explanations are scientifically faithful."
"V3-C029","The six-case test is best called a perturbation sanity check.","PARTIAL","Top-three-to-zero intervention changes method-aligned signals in expected directions for five cases.","Six in-sample cases","faithfulness_reproduction.csv; Notebook 10","All rows","No random/bottom-feature control, explanation stability, individual-feature analysis, or new data.","Six-case feature-neutralization perturbation sanity check","Validated faithfulness benchmark"
"V3-C030","WeightedRoll is fitted with C+Q cos(2phi)+U sin(2phi) by inverse-variance weighted least squares.","YES","Design matrix and weights 1/error^2 are explicit; saved coefficients reconstruct chi-square.","3 coefficients","polarization_service.py; Notebook 11","_fit_modulation_curve lines 258-298; Notebook-11 fit cell","Delivered errors are treated diagonally; covariance/systematics are not modelled.","A weighted second-harmonic summary was fitted to each delivered curve.","A calibrated polarization model was fitted."
"V3-C031","Each audited WeightedRoll fit uses 360 bins and supplied errors.","YES","FITS tables have ROLL_AZ_ANG, TOTAL_COUNTRATE, ERROR and 360 valid rows; dof=357.","360 bins; 357 dof","25 WeightedRoll_L2.fits files; polix_weightedroll_raw_modulation_fits.csv","FITS HDU 1; n_points and dof columns","Supplied error reliability/independence was not independently validated.","The fit uses the delivered per-bin errors.","The uncertainty model is complete."
"V3-C032","Raw modulation is defined as 100*sqrt(Q^2+U^2)/C.","YES","Formula is implemented and saved values reproduce.","Percent","polarization_service.py; polix_weightedroll_raw_modulation_fits.csv","_fit_modulation_curve lines 300-325","This is a project harmonic quantity, not PD.","Raw modulation is reported as a descriptive harmonic summary.","Polarization degree was measured."
"V3-C033","Fitted phase is not official sky polarization angle.","YES","Project computes half atan2 phase only; no verified sky-coordinate/calibration chain is applied.","Degrees modulo 180","polarization_service.py","_fit_modulation_curve lines 314-325","No official angle conversion is implemented.","Fitted modulation phase","Polarization angle"
"V3-C034","All 15 blank skies were fitted; 13 enter the empirical reference at reduced chi-square <=2.","YES","Direct filtering produces 13 and matches the acceptable-only baseline row.","15 fitted; 13 selected","path2_blank_sky_modulation_baseline.csv; path2_all_observations_fractional_qu_vectors.csv","acceptable_blank_sky_only row; reduced_chi2 filter","Selection is project-defined and archive-specific.","Thirteen fits meeting the declared rule define the empirical reference.","Thirteen background observations define a calibrated confidence region."
"V3-C035","Blank Sky-6 and Blank Sky-13 are excluded from the 13-fit reference.","YES","Reduced chi-square values exceed 2.","6.920304; 2.565811","path2_all_observations_fractional_qu_vectors.csv","C24_0023 and C24_0018 rows","A stale boolean column marks all 15 True and must not control V3.","These two blank-sky fits are excluded by the declared fit-quality rule.","They were removed because they are physically anomalous."
"V3-C036","The 13-fit blank-sky raw-modulation mean and sample SD are 1.147820% and 0.565960%.","YES","Acceptable-only baseline row.","1.1478203388%; 0.5659596729%","path2_blank_sky_modulation_baseline.csv","baseline_set=acceptable_blank_sky_only","Small selected reference; not a population confidence interval.","Empirical 13-fit mean and sample standard deviation","Official POLIX background level and uncertainty"
"V3-C037","The 13-fit fractional-harmonic mean is q=0.009092005 and u=-0.006478172.","YES","Direct filter reduced chi-square <=2 and arithmetic component means.","q=0.0090920046; u=-0.0064781720","path2_all_observations_fractional_qu_vectors.csv","13 selected blank-sky rows","Diagonal sample spread ignores covariance and fit uncertainty.","Empirical component-wise centre of the selected archive reference","Calibrated Stokes background"
"V3-C038","All ten source raw-modulation values fall within the declared scalar blank-sky rule.","YES","All source status rows are within_blank_sky_baseline_range using 13-fit mean and SD.","10/10","path2_source_vs_blank_sky_modulation_comparison.csv","All source rows","Rule is descriptive and not a significance test.","All source values lie within the declared empirical scalar reference rule.","No source is polarized."
"V3-C039","Sco X-1 is a fixed candidate while its raw modulation is within the declared blank-sky rule.","YES","Fixed score 0.593516; raw modulation 1.139578%; scalar z -0.014563; fit chi-square 2.030761.","Candidate; 1.139578%; chi2red 2.030761","deployed_model_reproduction.csv; source comparison CSV","G01_0006 rows","Harmonic fit is caution; no physical confirmation.","Sco X-1 demonstrates discordance between the two diagnostic branches.","Sco X-1 is a polarized anomaly."
"V3-C040","Her X-1's simple second-harmonic fit is poor.","YES","Reduced chi-square 57.433514 with visible localized residual excursions.","57.433514","polix_weightedroll_raw_modulation_fits.csv; audited Fig. A","G01_0003 row; 360 FITS bins","Poor fit prevents interpreting fitted phase/amplitude physically but does not negate Matrix-C status.","The selected second harmonic inadequately summarizes the delivered Her X-1 curve.","Her X-1 has significant polarization."
"V3-C041","Crab P01_0005 is fixed Normal despite raw modulation 1.697346% and an acceptable harmonic fit.","YES","Fixed rank 6; raw modulation exceeds several candidates; reduced chi-square 1.062540.","1.6973459073%; 1.0625397079","deployed_model_reproduction.csv; harmonic fits CSV","P01_0005 rows","Normal means below the Matrix-C threshold, not scientifically uninteresting.","Crab P01_0005 is a counterexample to amplitude-defined ML status.","Crab is normal or unpolarized."
"V3-C042","Matrix-C unusualness and WeightedRoll harmonic behaviour are non-equivalent within this archive.","YES","Discordant candidate/normal cases and different WR/Matrix-C candidate sets demonstrate no one-to-one mapping.","Bounded to 25 rows","candidate CSVs; harmonic CSVs; WR matrix summary","Cross-case comparison","Descriptive discordance is not statistical independence or a universal law.","The two branches answer different diagnostic questions within the project archive.","The branches are independent and unrelated."
"V3-C043","Blank-sky observations can be flagged because the model is not a source classifier.","YES","Two of four fixed candidates have blank-sky project roles; role is absent from Matrix C.","2 of 4","metadata JSON; Matrix C; fixed reproduction","C24_0018 and C24_0010","Could also reflect archive/instrument/product variation; cause unverified.","Blank-sky candidates are inspection priorities in feature space.","Blank-sky flags prove model failure."
"V3-C044","The representation is POLIX-specific through product-aware feature definitions and provenance.","YES","Features explicitly read POLIX exposure, EnergyRes, Src_Azimuth, source LC, detector LC/PHA filenames and fields.","15 traceable features","feature_extractor.py","extract_matrix_c_features lines 149-282","Features are hand-designed proxies and not fully physically calibrated.","The representation preserves provenance to selected POLIX Level-2 product families.","The ML algorithms themselves are POLIX-specific."
"V3-C045","The framework supports a researcher triage workflow.","PARTIAL","Implemented extraction, scoring, top-five local ranking, product-family labels, plots and exports exist in Flask services.","N/A","app routes/services; feature_extractor.py; model_service.py; polarization_service.py","No measured time saving, user study, or operational deployment validation.","The prototype consolidates repeatable inspection steps and directs attention to product families.","The system automates scientific discovery and saves a quantified amount of time."
"V3-C046","Model accuracy cannot be reported.","YES","No trusted anomaly labels or adjudicated test set exists.","NOT AVAILABLE","Project archive and audits","Dataset scope","Absence of labels is a limitation, not zero accuracy.","Accuracy, precision, recall, ROC/AUC, and confusion matrices are not estimated.","The model is highly accurate."
"V3-C047","Future-observation generalization is unverified.","YES","Same 25 rows support feature development, scaling, fitting, explanation, and retrospective checks.","No prospective set","All project evidence","Study design","Stability under tested procedures is not future validation.","The result is archive-relative and requires prospective validation.","The method scales reliably to new POLIX observations."
"V3-C048","No median imputation occurred in the frozen deployed run.","YES","Matrix C has zero missing values; PKL and services contain no imputer.","0 missing","Matrix C; saved PKL; model_service.py","Schema and execution path","Future missing values remain unspecified.","No imputation was required or performed for the frozen Matrix-C run.","Median imputation was part of the deployed pipeline."
"V3-C049","Notebook-11 and the Flask service use different A/C uncertainty propagation.","YES","Notebook uses relative quadrature omitting A-C covariance; service uses full gradient and covariance.","Method difference","Notebook 11; polarization_service.py","Notebook fit cell; service lines 327-385","Central values agree; uncertainty values must retain provenance.","Saved Notebook-11 CSV controls reported project uncertainties; service propagation differs.","Notebook and service are numerically identical."
"V3-C050","The final paper need not cite the 2025 POLIX handbook.","YES","Guide-approved scope explicitly excludes it; model findings are independently controlled by code/CSV.","Excluded source","Guide-approved run charter and active decisions","Scope decision","Official product semantics may require other primary support or narrower wording.","Use code-supported operational descriptions and verified primary literature.","The handbook proves the model's scientific validity."
"V3-C051","Channel-space features are not calibrated photon energies.","YES","Feature code uses integer array indices; no energy conversion appears.","Peak 465 for Sco X-1","feature_extractor.py; Matrix C","Energy extraction lines 191-210","Instrument calibration could change scientific meaning later.","Channel index and channel-space summary","Energy in keV and spectral feature"
"V3-C052","Light-curve features summarize delivered RATE arrays.","YES","Code computes CV and max/median directly from EventdataSource_L2.lc RATE.","Two features","feature_extractor.py","lines 244-254","No timing/background correction or intrinsic-variability inference.","Delivered-light-curve diagnostic proxies","Intrinsic source variability measures"
"V3-C053","The source-azimuth roughness feature is order-dependent and non-circular.","YES","Implementation averages absolute adjacent differences and omits last-to-first wrap.","One feature","feature_extractor.py","smoothness lines 48-55; extraction line 239","Name 'smoothness' can overstate semantics.","Order-dependent roughness proxy","Circular roll smoothness"
"V3-C054","The Flask interface is a proof-of-concept implementation contribution.","YES","It packages upload, extraction, saved-model analysis, explanation, harmonic analysis, plots, and exports.","Prototype","D:\polix_xai_webapp","Application routes and service files","No usability, latency, operational reliability, or mission deployment study.","Research interface supporting reproducible inspection","Production POLIX decision system"
"V3-C055","Limited published work was identified on the integrated combination.","PARTIAL","Finite reviewed library covers component methods but no directly comparable POLIX end-to-end framework was identified.","Finite review; 17 retained references in controlled library","03_Literature_and_Citation_Audit.md; Agent-8 audit","Literature synthesis","Not a systematic proof of priority.","The reviewed literature did not provide a directly comparable framework.","This is the first or unique POLIX XAI framework."
"V3-C056","The primary contribution is an applied, product-aware archive-screening framework.","YES","Coherent integration of POLIX-specific representation, frozen unsupervised screening, local traceability, and separate harmonic diagnostic.","Contribution strength assessed Moderate","Agent-8 novelty audit; project artifacts","Contribution taxonomy","Not a new ML algorithm or calibrated polarimetry method.","A traceable product-aware framework for archive-relative POLIX Level-2 screening","A novel superior anomaly-detection algorithm"
"V3-C057","Reduced-chi-square categories are project-defined.","YES","Code uses <=2 acceptable, <=5 caution, else poor.","2 and 5","polarization_service.py; Notebook 11","lines 401-406","Not formal hypothesis-test thresholds; supplied-error assumptions unverified.","Project-defined fit-quality categories","Statistically significant acceptance/rejection"
"V3-C058","No independently verified official background-subtraction pipeline was applied.","YES","Project code fits delivered TOTAL_COUNTRATE directly; no verified official subtraction stage is present.","None","WeightedRoll FITS and polarization code","read and fit functions","Does not characterize all upstream mission processing.","The study analyses the delivered curve without claiming official background subtraction.","Background-corrected polarization curve"
"V3-C059","Sco X-1 and Blank Sky-13 have zero KMeans contribution because each is a singleton centroid.","YES","Saved KMeans assignment puts each in a one-member cluster, so x-centroid is zero for every feature.","Cluster sizes 1 and 1","Saved PKL; current XAI output","kmeans predictions; explain_one lines 135-139","Zero does not mean ordinary or irrelevant.","The KMeans term vanishes for these singleton assignments.","KMeans confirms these observations are normal."
"V3-C060","The saved deployed model replay is exact for all 25 rows.","YES","Stored and recomputed scores have maximum absolute difference zero; all labels match.","25/25 labels; max difference 0","deployed_model_reproduction.csv","All rows","Implementation reproducibility is not scientific validity or accuracy.","The frozen artifact is numerically reproducible on the frozen Matrix C.","Exact replay proves the model is correct."
