"Feature internal name","Human-readable paper name","Source POLIX product family","Exact mathematical/statistical definition","Unit or scale","Physical/calibration status","What a high value means computationally","What we MUST NOT interpret it as","Exact source-code file and line/function"
"t1A_exp_uniformity_cv","Exposure-versus-roll coefficient of variation","Exp_Azimuth_Roll_L2.fits / Tier-1A exposure","For each roll bin sum all columns whose names contain Exposure; compute nanstd(roll_total_exp, ddof=0) / nanmean(roll_total_exp).","Dimensionless ratio","Engineering proxy; descriptive statistic; not a calibrated physical parameter","Larger relative dispersion of summed delivered exposure across roll bins","Proof of an exposure defect, instrument failure, or astrophysical variability","D:\polix_xai_webapp\feature_extractor.py:149 extract_matrix_c_features; lines 161-180; safe_div lines 30-33"
"t1A_exp_max_to_min_roll","Maximum-to-minimum roll-exposure ratio","Exp_Azimuth_Roll_L2.fits / Tier-1A exposure","nanmax(roll_total_exp) / nanmin(roll_total_exp), where roll_total_exp is the sum of delivered exposure columns for each roll bin.","Dimensionless ratio","Engineering proxy; descriptive statistic","Larger contrast between the largest and smallest delivered roll-bin exposure","A calibrated exposure-quality probability or proof of data corruption","D:\polix_xai_webapp\feature_extractor.py:149 extract_matrix_c_features; lines 161-181"
"t1A_energy_peak_channel","Energy-product peak channel","EnergyRes_Src_Azimuth_Roll_L2.fits / Tier-1A EnergyRes","Collapse all non-channel axes by summation; return argmax_j n_j.","Channel index","Channel-space descriptive statistic; not energy-calibrated","The largest count in the collapsed distribution occurs at a higher channel index","Photon energy in keV, a spectral line, or an astrophysical energy shift","D:\polix_xai_webapp\feature_extractor.py:149 extract_matrix_c_features; lines 186-202"
"t1A_energy_weighted_mean_channel","Count-weighted mean channel","EnergyRes_Src_Azimuth_Roll_L2.fits / Tier-1A EnergyRes","j_bar = sum_j(j*n_j) / sum_j(n_j) after collapsing all non-channel axes.","Channel index units","Channel-space descriptive statistic; not energy-calibrated","The collapsed count distribution is centred at a higher channel index","Mean photon energy or a calibrated spectral centroid","D:\polix_xai_webapp\feature_extractor.py:58 weighted_mean_std; extraction lines 191-206"
"t1A_energy_weighted_std_channel","Weighted channel spread","EnergyRes_Src_Azimuth_Roll_L2.fits / Tier-1A EnergyRes","sqrt[sum_j((j-j_bar)^2*n_j) / sum_j(n_j)] after collapsing all non-channel axes.","Channel index units","Channel-space descriptive statistic; not energy-resolution calibration","Counts are dispersed over a wider range of channel indices","Physical spectral width, line broadening, or energy resolution","D:\polix_xai_webapp\feature_extractor.py:58 weighted_mean_std; extraction lines 191-206"
"t1A_energy_high_channel_fraction","High-channel fraction","EnergyRes_Src_Azimuth_Roll_L2.fits / Tier-1A EnergyRes","sum_{j>=4000}(n_j) / sum_j(n_j) on the collapsed channel-count distribution.","Fraction in [0,1] when counts are non-negative","Project-defined channel-space proxy; not calibrated energy fraction","A larger fraction of collapsed counts lies at channel indices 4000 or above","High-energy photon fraction, hardness ratio, or calibrated energy-band fraction","D:\polix_xai_webapp\feature_extractor.py:149 extract_matrix_c_features; lines 197-210"
"t1A_energy_channel_entropy","Channel-distribution entropy","EnergyRes_Src_Azimuth_Roll_L2.fits / Tier-1A EnergyRes","For positive finite collapsed counts p_j=n_j/sum(n): H=-sum_j p_j log2(p_j).","Bits","Descriptive statistic / engineering proxy","Counts are distributed more broadly and evenly across occupied channel bins","Thermodynamic entropy, source complexity, or calibrated spectral information content","D:\polix_xai_webapp\feature_extractor.py:36 entropy_from_values; extraction line 210"
"t1A_energy_anode_balance_cv","Energy-product anode-balance coefficient of variation","EnergyRes_Src_Azimuth_Roll_L2.fits / Tier-1A EnergyRes","Identify the first array axis of length 48; sum over all other axes; compute nanstd(anode_counts, ddof=0) / nanmean(anode_counts).","Dimensionless ratio","Engineering detector-balance proxy","Greater relative variation among the 48 collapsed anode counts","A diagnosed detector fault, gain mismatch, or officially calibrated detector-uniformity metric","D:\polix_xai_webapp\feature_extractor.py:149 extract_matrix_c_features; lines 212-220"
"t1B_src_peak_to_median_roll","Source-azimuth peak-to-median roll ratio","Src_Azimuth_Roll_L2.fits / Tier-1B source azimuth","Sum ANODE_COUNTS over anodes for each delivered row; nanmax(roll_counts) / nanmedian(roll_counts).","Dimensionless ratio","Descriptive source-azimuth proxy","One or more delivered roll bins are large relative to the median bin","Polarization fraction, detection significance, or a background-corrected modulation amplitude","D:\polix_xai_webapp\feature_extractor.py:149 extract_matrix_c_features; lines 225-238"
"t1B_src_roll_entropy","Source-azimuth roll entropy","Src_Azimuth_Roll_L2.fits / Tier-1B source azimuth","Apply H=-sum p_i log2(p_i) to positive finite roll_counts after summing ANODE_COUNTS over anodes.","Bits","Descriptive statistic / engineering proxy","Source-azimuth counts are more evenly distributed across delivered row order","Polarization disorder, sky-angle information, or intrinsic source complexity","D:\polix_xai_webapp\feature_extractor.py:36 entropy_from_values; extraction lines 225-239"
"t1B_src_roll_smoothness_norm","Order-dependent source-azimuth roughness proxy","Src_Azimuth_Roll_L2.fits / Tier-1B source azimuth","mean(abs(diff(roll_counts))) / nanmean(roll_counts); the last-to-first circular difference is not included.","Dimensionless ratio","Order-dependent engineering proxy","Larger mean adjacent-bin change relative to the mean count level","Unrestricted circular smoothness, a calibrated modulation metric, or proof of instrumental spikes","D:\polix_xai_webapp\feature_extractor.py:48 smoothness; extraction lines 225-239"
"t2_lc_rate_cv","Delivered source-light-curve rate coefficient of variation","EventdataSource_L2.lc / Tier-2 delivered source light curve","nanstd(RATE, ddof=0) / nanmean(RATE) on the delivered RATE array.","Dimensionless ratio","Delivered-light-curve diagnostic proxy","Greater relative variation in the delivered RATE values","Intrinsic source variability, timing significance, or background-corrected variability","D:\polix_xai_webapp\feature_extractor.py:149 extract_matrix_c_features; lines 244-254"
"t2_lc_peak_to_median_rate","Delivered source-light-curve peak-to-median ratio","EventdataSource_L2.lc / Tier-2 delivered source light curve","nanmax(RATE) / nanmedian(RATE) on the delivered RATE array.","Dimensionless ratio","Delivered-light-curve diagnostic proxy","The maximum delivered rate is larger relative to the median rate","A flare detection, intrinsic source variability, or a causal timing event","D:\polix_xai_webapp\feature_extractor.py:149 extract_matrix_c_features; lines 244-254"
"t2_det_lc_rate_balance_cv","Cross-detector mean-rate coefficient of variation","ProcessedEventdataSource_Det1-4_L2.lc / Tier-2 detector context","For each available detector compute nanmean(RATE); then nanstd(detector_means, ddof=0) / nanmean(detector_means).","Dimensionless ratio","Cross-detector engineering proxy","Greater relative variation among detector mean rates","A confirmed detector malfunction, calibrated inter-detector response mismatch, or source anisotropy","D:\polix_xai_webapp\feature_extractor.py:149 extract_matrix_c_features; lines 257-280"
"t2_det_pha_centroid_spread","Cross-detector PHA-centroid spread","ProcessedEventdataSource_Det1-4_L2.pha / Tier-2 detector context","For each available detector compute the count-weighted CHANNEL centroid; return nanstd of those centroids with ddof=0.","Channel index units","Cross-detector channel-space proxy; not energy-calibrated","The detector-specific PHA centroids differ more strongly","Calibrated energy disagreement, detector gain failure, or a physical spectral shift","D:\polix_xai_webapp\feature_extractor.py:58 weighted_mean_std and :149 extract_matrix_c_features; lines 257-280"
