observation_id,PC1,PC2,proposal_id,observation_role,target_name,fixed_prediction
X01_PLX_C24_0001_000000,-1.906787222878917,-0.632458341099898,C24_0001,blank_sky,Blank Sky-2,Normal
X01_PLX_C24_0002_000000,-1.2162770138683703,-0.8896280088344902,C24_0002,blank_sky,Blank Sky-1,Normal
X01_PLX_C24_0007_000000,-3.384332505165607,0.18109727309914334,C24_0007,blank_sky,Blank Sky-3,Normal
X01_PLX_C24_0008_000000,-0.25698179071591204,-2.69022332530789,C24_0008,blank_sky,Blank Sky-2,Normal
X01_PLX_C24_0009_000000,1.3292072217573094,-1.6205239448163253,C24_0009,blank_sky,Blank Sky-4,Normal
X01_PLX_C24_0010_000000,3.0993236313541903,-2.919585678373757,C24_0010,blank_sky,Blank Sky-5,Anomaly
X01_PLX_C24_0014_000000,0.9398638127822819,0.7437094189487781,C24_0014,blank_sky,Blank Sky-9,Normal
X01_PLX_C24_0015_000000,1.9699737460604283,0.48548733396681604,C24_0015,blank_sky,Blank Sky-10,Normal
X01_PLX_C24_0018_000000,3.8129831308641173,2.5706959144285433,C24_0018,blank_sky,Blank Sky-13,Anomaly
X01_PLX_C24_0019_000000,0.5335294457445666,1.823981108383899,C24_0019,blank_sky,Blank Sky-14,Normal
X01_PLX_C24_0020_000000,3.7619817374968867,0.7193885674116977,C24_0020,blank_sky,Blank Sky-15,Normal
X01_PLX_C24_0021_000000,3.7014772326078855,-1.2721951579867254,C24_0021,blank_sky,Blank Sky-8,Normal
X01_PLX_C24_0022_000000,3.1711805167623823,0.0541093914522778,C24_0022,blank_sky,Blank Sky-11,Normal
X01_PLX_C24_0023_000000,1.8943340975656364,-0.11476993326946502,C24_0023,blank_sky,Blank Sky-6,Normal
X01_PLX_C24_0024_000000,1.6223931547588408,0.19141819842991703,C24_0024,blank_sky,Blank Sky-7,Normal
X01_PLX_C24_0026_000000,0.004128681649974035,2.0531823302489576,C24_0026,source,Cas-A SNR,Normal
X01_PLX_G01_0002_000000,-2.5277522863590205,-0.2245480021374651,G01_0002,source,Cen X-3,Normal
X01_PLX_G01_0003_000000,-1.1830650858628255,4.857295526078414,G01_0003,source,Her X-1,Anomaly
X01_PLX_G01_0004_000000,-3.577374811673506,0.07391587064534405,G01_0004,source,GX 301-2,Normal
X01_PLX_G01_0005_000000,-1.6457959466359573,-1.225024254788734,G01_0005,source,4U 1700-37,Normal
X01_PLX_G01_0006_000000,-0.5374022043824217,-3.3933773583472893,G01_0006,source,Sco X-1,Anomaly
X01_PLX_P01_0005_000000,-3.6513873402110986,-0.6151673778278381,P01_0005,source,Crab,Normal
X01_PLX_T24_0001_000000,-0.9783436988544539,-1.1974884576110043,T24_0001,source,Crab,Normal
X01_PLX_T24_0002_000000,-3.7746493014163156,0.011432776695062076,T24_0002,source,Crab,Normal
X01_PLX_T24_0007_000000,-1.200227201380096,3.0292761306120304,T24_0007,source,Cyg X-1,Normal
