observation_id,proposal_id,observation_role,target_name,fixed_prediction,fixed_anomaly_score,times_flagged
X01_PLX_C24_0023_000000,C24_0023,blank_sky,Blank Sky-6,Normal,0.396280113281,0
X01_PLX_C24_0014_000000,C24_0014,blank_sky,Blank Sky-9,Normal,0.397313780071,0
X01_PLX_C24_0024_000000,C24_0024,blank_sky,Blank Sky-7,Normal,0.402804959055,0
X01_PLX_C24_0015_000000,C24_0015,blank_sky,Blank Sky-10,Normal,0.404007813701,0
X01_PLX_G01_0005_000000,G01_0005,source,4U 1700-37,Normal,0.410608198652,0
X01_PLX_C24_0019_000000,C24_0019,blank_sky,Blank Sky-14,Normal,0.416549087568,0
X01_PLX_C24_0002_000000,C24_0002,blank_sky,Blank Sky-1,Normal,0.418393500632,0
X01_PLX_C24_0009_000000,C24_0009,blank_sky,Blank Sky-4,Normal,0.419663570299,0
X01_PLX_C24_0001_000000,C24_0001,blank_sky,Blank Sky-2,Normal,0.428314732218,0
X01_PLX_G01_0002_000000,G01_0002,source,Cen X-3,Normal,0.429895835304,0
X01_PLX_T24_0001_000000,T24_0001,source,Crab,Normal,0.432359395742,0
X01_PLX_C24_0026_000000,C24_0026,source,Cas-A SNR,Normal,0.441527670954,0
X01_PLX_C24_0022_000000,C24_0022,blank_sky,Blank Sky-11,Normal,0.448762863579,0
X01_PLX_C24_0007_000000,C24_0007,blank_sky,Blank Sky-3,Normal,0.449228585544,0
X01_PLX_G01_0004_000000,G01_0004,source,GX 301-2,Normal,0.449645891589,0
X01_PLX_C24_0008_000000,C24_0008,blank_sky,Blank Sky-2,Normal,0.471520200937,0
X01_PLX_C24_0021_000000,C24_0021,blank_sky,Blank Sky-8,Normal,0.473825979187,0
X01_PLX_T24_0007_000000,T24_0007,source,Cyg X-1,Normal,0.47821810364,0
X01_PLX_T24_0002_000000,T24_0002,source,Crab,Normal,0.478229433637,0
X01_PLX_P01_0005_000000,P01_0005,source,Crab,Normal,0.5046556277,3
X01_PLX_C24_0020_000000,C24_0020,blank_sky,Blank Sky-15,Normal,0.513010159257,68
X01_PLX_C24_0010_000000,C24_0010,blank_sky,Blank Sky-5,Anomaly,0.517611306034,29
X01_PLX_G01_0003_000000,G01_0003,source,Her X-1,Anomaly,0.572308197266,100
X01_PLX_G01_0006_000000,G01_0006,source,Sco X-1,Anomaly,0.593516132746,100
X01_PLX_C24_0018_000000,C24_0018,blank_sky,Blank Sky-13,Anomaly,0.61596387489,100
