observation_id,proposal_id,observation_role,target_name,q_frac,u_frac,reduced_chi2,fit_quality,recomputed_prediction,reference_member,fixed_candidate
X01_PLX_C24_0020_000000,C24_0020,blank_sky,Blank Sky-15,0.0169877725590728,-0.0036022204974549,0.7400100445213577,acceptable,Normal,True,False
X01_PLX_C24_0010_000000,C24_0010,blank_sky,Blank Sky-5,0.0109242217168278,-0.0105478117509419,0.7134283152346765,acceptable,Anomaly,True,True
X01_PLX_C24_0021_000000,C24_0021,blank_sky,Blank Sky-8,0.0137872025479901,-0.0112414919116437,0.7307076457693032,acceptable,Normal,True,False
X01_PLX_C24_0007_000000,C24_0007,blank_sky,Blank Sky-3,0.0103938549269148,-0.0140489750052368,0.7691965023866801,acceptable,Normal,True,False
X01_PLX_P01_0005_000000,P01_0005,source,Crab,0.014185432256035,-0.0093205055978857,1.0625397079395509,acceptable,Normal,False,False
X01_PLX_C24_0015_000000,C24_0015,blank_sky,Blank Sky-10,0.0146141888380992,-0.0069100385559758,0.7755841884913038,acceptable,Normal,True,False
X01_PLX_C24_0009_000000,C24_0009,blank_sky,Blank Sky-4,0.0144291584542929,-0.0063648554356372,0.7317851483520195,acceptable,Normal,True,False
X01_PLX_C24_0023_000000,C24_0023,blank_sky,Blank Sky-6,0.0116977761383691,0.0010319128278804,6.920303782270831,poor_simple_sinusoid_fit,Normal,False,False
X01_PLX_G01_0006_000000,G01_0006,source,Sco X-1,0.0099723369530652,-0.0055151066902669,2.0307608047722137,caution,Anomaly,False,True
X01_PLX_C24_0018_000000,C24_0018,blank_sky,Blank Sky-13,0.0063026972349356,-0.0057618727314181,2.565811346028652,caution,Anomaly,False,True
X01_PLX_G01_0003_000000,G01_0003,source,Her X-1,-0.0021109962336234,-0.0055803817742908,57.43351375364045,poor_simple_sinusoid_fit,Anomaly,False,True
X01_PLX_G01_0004_000000,G01_0004,source,GX 301-2,0.0030148790101712,-0.0065641149236199,4.374479325780622,caution,Normal,False,False
X01_PLX_T24_0007_000000,T24_0007,source,Cyg X-1,0.0035773351324609,-0.0057964477067417,5.408023247889524,poor_simple_sinusoid_fit,Normal,False,False
X01_PLX_C24_0019_000000,C24_0019,blank_sky,Blank Sky-14,0.0094104918295536,-0.0115887092989182,1.4811858389883918,acceptable,Normal,True,False
X01_PLX_T24_0001_000000,T24_0001,source,Crab,0.0134580115914285,-0.0036916370416977,0.8146321476243658,acceptable,Normal,False,False
X01_PLX_T24_0002_000000,T24_0002,source,Crab,0.0084931481780677,-0.0084884130549156,1.367145850650123,acceptable,Normal,False,False
X01_PLX_G01_0005_000000,G01_0005,source,4U 1700-37,0.0069411742960177,-0.0082819697968321,1.2291265946117127,acceptable,Normal,False,False
X01_PLX_G01_0002_000000,G01_0002,source,Cen X-3,0.0086469146309237,-0.0033859795002236,1.89719962368498,acceptable,Normal,False,False
X01_PLX_C24_0022_000000,C24_0022,blank_sky,Blank Sky-11,0.0060169215978659,-0.0040726177768852,0.82969700982044,acceptable,Normal,True,False
X01_PLX_C24_0026_000000,C24_0026,source,Cas-A SNR,0.0050390724778289,-0.004752481789951,1.702987894148562,acceptable,Normal,False,False
X01_PLX_C24_0002_000000,C24_0002,blank_sky,Blank Sky-1,0.0053450504871235,-0.0041408568692601,0.9000292974603176,acceptable,Normal,True,False
X01_PLX_C24_0001_000000,C24_0001,blank_sky,Blank Sky-2,0.0049191495696897,-0.0037490287926425,0.9264495336789744,acceptable,Normal,True,False
X01_PLX_C24_0024_000000,C24_0024,blank_sky,Blank Sky-7,0.0050546904886329,-0.0027215541180355,1.067890494478403,acceptable,Normal,True,False
X01_PLX_C24_0014_000000,C24_0014,blank_sky,Blank Sky-9,0.0050125808377611,-0.0025900723798154,0.7721837567948999,acceptable,Normal,True,False
X01_PLX_C24_0008_000000,C24_0008,blank_sky,Blank Sky-2,0.0013007765173178,-0.002638003915839,0.6816500441049342,acceptable,Normal,True,False
