artifact,sha256,role
D:\ISROtrial\Polix_L2_full_archive\final_project_outputs\02_feature_engineering\polix_matrix_v2_C_primary_plus_supporting.csv,3936E1B0AAF44ACFF39597BEFEC1B466A26511123655946F8829A4E6263DB0FA,frozen input
D:\polix_xai_webapp\model\polix_v2_matrixC_unsupervised_xai_model.pkl,D8EFD73C9744ED1CA1098A4599DA91ACDEDC250BB2B6639728364AEF6B8C180D,frozen input
D:\polix_xai_webapp\research_paper_ieee\supplementary_experiments\deployed_model_reproduction.csv,3E6B88BC77917C07DB7BEF8021B7E3B10741314657A12E654F919D1B2923BAD1,frozen input
D:\polix_xai_webapp\research_paper_ieee\supplementary_experiments\isolation_seed_stability_summary.csv,5125A5D60491FF8DA656CFC83A4D995BC380E737A0D65290FE2730C3B4654DF2,frozen input
D:\ISROtrial\Polix_L2_full_archive\path2_observation_role_metadata_filled.csv,72D7B7615D481D93476DCD01C71C022048F2A098D59A649C6F3A2373F6D81641,frozen input
D:\ISROtrial\Polix_L2_full_archive\path2_all_observations_fractional_qu_vectors.csv,115811A3170B29774F3172093489530E2CBA75A4339CBB0475B535CCD859E28E,frozen input
D:\polix_xai_webapp\config\polarimetry_config.json,DB0A644AAC6EB52EA20DF3856FFC707586AF1246FFA3BA9F7E532E7E50A4D6C5,frozen input
D:\polix_xai_webapp\research_paper_ieee\final_content_candidate\figure_generation\generate_final_figures.py,E2CE5083B765AE9E7005EA54DB30F2B01255D34ACF46E590B1DAAA5AACA18ED9,figure-generation source
D:\polix_xai_webapp\research_paper_ieee\final_content_candidate\figures\fig1_framework_flow.png,F828B1E79679EE4F0273A25F7AA2EE89E787B36A874C247468574008E0FA0D8D,generated figure output
D:\polix_xai_webapp\research_paper_ieee\final_content_candidate\figures\fig1_framework_flow.svg,884717AC5125CC45BFA16320030C16F3607F0A22EA235FD33B82623E071D8FAA,generated figure output
D:\polix_xai_webapp\research_paper_ieee\final_content_candidate\figures\fig2_matrix_c_pca.png,02E1179D50586F75689F57DF8553CAE3AC6ECD4541922004B47FDC8A6DEFDF88,generated figure output
D:\polix_xai_webapp\research_paper_ieee\final_content_candidate\figures\fig2_matrix_c_pca.svg,5681669C744C2718C1BB4B160593EB70E35E620DA2F94EC088BE2D8FE5FFAEC8,generated figure output
D:\polix_xai_webapp\research_paper_ieee\final_content_candidate\figures\fig3_fixed_candidate_ranking.png,D7CF6CA3935D1128517E8CAC65C8631B8908D389B242FFDC473530CF1FB65606,generated figure output
D:\polix_xai_webapp\research_paper_ieee\final_content_candidate\figures\fig3_fixed_candidate_ranking.svg,A441F93CB19F9BBCDD8F90C8925D58C578A109D4BD9A137DA6D67C48CEF4E5F5,generated figure output
D:\polix_xai_webapp\research_paper_ieee\final_content_candidate\figures\fig4_fractional_harmonic_space.png,D34FC4542445B3CC6A720A3AA9CA5236B89B8A75D36A1AFD8E12F2053BCB8289,generated figure output
D:\polix_xai_webapp\research_paper_ieee\final_content_candidate\figures\fig4_fractional_harmonic_space.svg,FA11C4B5AFB1DC5CE7FF240D7385D154048F81E6C9DB70FCC46506EB793D2F97,generated figure output
