observation_id,recomputed_anomaly_score,stored_anomaly_score,absolute_score_difference,recomputed_prediction,stored_prediction,prediction_match
X01_PLX_C24_0018_000000,0.6159638748895813,0.6159638748895813,0.0,Anomaly,Anomaly,True
X01_PLX_G01_0006_000000,0.5935161327457337,0.5935161327457337,0.0,Anomaly,Anomaly,True
X01_PLX_G01_0003_000000,0.5723081972655861,0.5723081972655861,0.0,Anomaly,Anomaly,True
X01_PLX_C24_0010_000000,0.5176113060335773,0.5176113060335773,0.0,Anomaly,Anomaly,True
X01_PLX_C24_0020_000000,0.5130101592565997,0.5130101592565997,0.0,Normal,Normal,True
X01_PLX_P01_0005_000000,0.5046556277000658,0.5046556277000658,0.0,Normal,Normal,True
X01_PLX_T24_0002_000000,0.47822943363741227,0.47822943363741227,0.0,Normal,Normal,True
X01_PLX_T24_0007_000000,0.4782181036399174,0.4782181036399174,0.0,Normal,Normal,True
X01_PLX_C24_0021_000000,0.47382597918745,0.47382597918745,0.0,Normal,Normal,True
X01_PLX_C24_0008_000000,0.4715202009373477,0.4715202009373477,0.0,Normal,Normal,True
X01_PLX_G01_0004_000000,0.44964589158948065,0.44964589158948065,0.0,Normal,Normal,True
X01_PLX_C24_0007_000000,0.4492285855441128,0.4492285855441128,0.0,Normal,Normal,True
X01_PLX_C24_0022_000000,0.44876286357895273,0.44876286357895273,0.0,Normal,Normal,True
X01_PLX_C24_0026_000000,0.44152767095407325,0.44152767095407325,0.0,Normal,Normal,True
X01_PLX_T24_0001_000000,0.43235939574201154,0.43235939574201154,0.0,Normal,Normal,True
X01_PLX_G01_0002_000000,0.4298958353035458,0.4298958353035458,0.0,Normal,Normal,True
X01_PLX_C24_0001_000000,0.4283147322176883,0.4283147322176883,0.0,Normal,Normal,True
X01_PLX_C24_0009_000000,0.41966357029919055,0.41966357029919055,0.0,Normal,Normal,True
X01_PLX_C24_0002_000000,0.4183935006321447,0.4183935006321447,0.0,Normal,Normal,True
X01_PLX_C24_0019_000000,0.41654908756839826,0.41654908756839826,0.0,Normal,Normal,True
X01_PLX_G01_0005_000000,0.4106081986523583,0.4106081986523583,0.0,Normal,Normal,True
X01_PLX_C24_0015_000000,0.40400781370070626,0.40400781370070626,0.0,Normal,Normal,True
X01_PLX_C24_0024_000000,0.40280495905515656,0.40280495905515656,0.0,Normal,Normal,True
X01_PLX_C24_0014_000000,0.39731378007072365,0.39731378007072365,0.0,Normal,Normal,True
X01_PLX_C24_0023_000000,0.39628011328147733,0.39628011328147733,0.0,Normal,Normal,True
