path,sha256,protection_scope
"D:\ISROtrial\Polix_L2_full_archive\01_WeightedRoll_Exploration.ipynb",CA2366EB1F2C830AD9CA50059AB9E3CE8268D9635A9982CDEF48C29E5F622F74,ORIGINAL_NOTEBOOK
"D:\ISROtrial\Polix_L2_full_archive\02_Primary_POLIX_Products_Inspection.ipynb",E8BF3116719BAF1F29A0F45C31243EFC8D9D2F17C2A36B029C9CE72AB91479A1,ORIGINAL_NOTEBOOK
"D:\ISROtrial\Polix_L2_full_archive\03_Observation_Feature_Table.ipynb",46FA15AE0AB7472561ED2905140DB9531F69C3E9C913BD5530E5152BE386FAE3,ORIGINAL_NOTEBOOK
"D:\ISROtrial\Polix_L2_full_archive\04_Exploratory_Data_Analysis.ipynb",9D3870E24E0C61E7722503719390AF436623F218CC39CF119F52F2531A58ABD8,ORIGINAL_NOTEBOOK
"D:\ISROtrial\Polix_L2_full_archive\05_PCA_and_Structure_Discovery.ipynb",933CC92CD044C929352C66DF517F6031A3BE72508E13CDCD2C7AE6E80B6DCC7F,ORIGINAL_NOTEBOOK
"D:\ISROtrial\Polix_L2_full_archive\06_Unsupervised_Analysis.ipynb",40B4D545521228EA9AF82077DE5571237D826F0D79B85DBF43A6ADF952EE47CD,ORIGINAL_NOTEBOOK
"D:\ISROtrial\Polix_L2_full_archive\07_Result_Interpretation_and_Visualization.ipynb",74FA07CB6E984E8EBBB1FE0800A94294A93ED5DD623AF745882749B3BB70A532,ORIGINAL_NOTEBOOK
"D:\ISROtrial\Polix_L2_full_archive\08_Feature_Set_V2_Product_Tier_Engineering.ipynb",D83C1ADE91B3B61E9783B275692A5965B85D7874342C7BDD2E4645450956190F,ORIGINAL_NOTEBOOK
"D:\ISROtrial\Polix_L2_full_archive\09_V2_Matrix_Audit_and_Unsupervised_Analysis.ipynb",57FE81B243A55FB78C349543946FE01485F9406AF2F6B7EA6AB585C92EC93F1D,ORIGINAL_NOTEBOOK
"D:\ISROtrial\Polix_L2_full_archive\10_Unsupervised_XAI_Model_Explanations.ipynb",0F93867D8A565ABCFD7D880D10059ED11C180A850ED19A8593A2CC9926448304,ORIGINAL_NOTEBOOK
"D:\ISROtrial\Polix_L2_full_archive\11_POLIX_Polarization_Parameter_Analysis.ipynb",90D7AE3DC2DADD28924FC9BBDF5AFC302C9B5022C6DA6FEB87D1EF78B2657086,ORIGINAL_NOTEBOOK
"D:\ISROtrial\Polix_L2_full_archive\final_project_outputs\02_feature_engineering\polix_matrix_v2_A_primary_final_chain.csv",C9031C30B8BD05CED089ED7B863B4BB9E189BC04F17075BD99CAB0F8B05ED6C4,ORIGINAL_MATRIX
"D:\ISROtrial\Polix_L2_full_archive\final_project_outputs\02_feature_engineering\polix_matrix_v2_B_primary_plus_source_diag.csv",21411E20D55C94704E6E26FC87A3570CBD9B3A8CECF8E2930FE9954DB5F723C8,ORIGINAL_MATRIX
"D:\ISROtrial\Polix_L2_full_archive\final_project_outputs\02_feature_engineering\polix_matrix_v2_C_primary_plus_supporting.csv",3936E1B0AAF44ACFF39597BEFEC1B466A26511123655946F8829A4E6263DB0FA,ORIGINAL_MATRIX
"D:\ISROtrial\Polix_L2_full_archive\final_project_outputs\02_feature_engineering\polix_matrix_v2_WR_weightedroll_diagnostic.csv",B8A49EE9FB205C607B160CAB19DFFCEBFC187DD256757421C590AF3987B811DB,ORIGINAL_MATRIX
"D:\ISROtrial\Polix_L2_full_archive\final_project_outputs\03_ml_xai_results\v2_final_primary_unsupervised_xai_explanations.csv",849AC208B92157C08130EDFECE4A1C34EF2BB897E86A256478499F5E55BF82A5,ORIGINAL_RESULT
"D:\ISROtrial\Polix_L2_full_archive\final_project_outputs\03_ml_xai_results\v2_unsupervised_xai_faithfulness_test.csv",5C517A8D0C308739FB6B406E0453584EC96B8079AB8D083A459C37010967885A,ORIGINAL_RESULT
"D:\ISROtrial\Polix_L2_full_archive\final_project_outputs\03_ml_xai_results\v2_unsupervised_xai_faithfulness_verdict.csv",EDEFB08DCEF5DCF71EB9C3FCDBE6C01EBF1EE94802977D11B356EE4D38493B6F,ORIGINAL_RESULT
"D:\ISROtrial\Polix_L2_full_archive\final_project_outputs\04_polarimetry_results\polix_weightedroll_raw_modulation_fits.csv",0904F151095CBBBE30B2F9CB163E38B6E0B97788627964461C1D707F0A3CEC86,ORIGINAL_RESULT
"D:\ISROtrial\Polix_L2_full_archive\final_project_outputs\04_polarimetry_results\path2_all_observations_fractional_qu_vectors.csv",115811A3170B29774F3172093489530E2CBA75A4339CBB0475B535CCD859E28E,ORIGINAL_RESULT
"D:\ISROtrial\Polix_L2_full_archive\final_project_outputs\04_polarimetry_results\path2_blank_sky_modulation_baseline.csv",67CD737FA57545AA75B731121222B53A77F1413774DEA67C91B67FDB5A72E964,ORIGINAL_RESULT
"D:\ISROtrial\Polix_L2_full_archive\final_project_outputs\04_polarimetry_results\path2_source_vs_blank_sky_modulation_comparison.csv",863D3B919721E44A902115C009F1DF5BA321B15D1FDED1651C2FFB58F5FD5437,ORIGINAL_RESULT
"D:\ISROtrial\Polix_L2_full_archive\final_project_outputs\04_polarimetry_results\path2_final_polarization_xai_result_table_with_roles.csv",FF9262A0069DD00C0234F2D08FC16018519459831FF92EC073EFCE8A1ACBCF11,ORIGINAL_RESULT
"D:\polix_xai_webapp\model\polix_v2_matrixC_unsupervised_xai_model.pkl",D8EFD73C9744ED1CA1098A4599DA91ACDEDC250BB2B6639728364AEF6B8C180D,SAVED_MODEL
"D:\polix_xai_webapp\model_service.py",F749FFD0E79A951F42555F5083D2056567DE9CCAAF721772601EA0A79856C877,DEPLOYED_CODE
"D:\polix_xai_webapp\feature_extractor.py",45A9AE59E9822528C1E6D64AC107A121BB7291D7C352BF744E6FC9D06F0569CB,DEPLOYED_CODE
"D:\polix_xai_webapp\polarization_service.py",9F93886080C9D6378C670D6365C17A12FE4DDDAECAE145EEFED34A6718C5D738,DEPLOYED_CODE
"D:\polix_xai_webapp\config\polarimetry_config.json",DB0A644AAC6EB52EA20DF3856FFC707586AF1246FFA3BA9F7E532E7E50A4D6C5,CONFIGURATION
"D:\polix_xai_webapp\research_paper_ieee\supplementary_experiments\deployed_model_reproduction.csv",3E6B88BC77917C07DB7BEF8021B7E3B10741314657A12E654F919D1B2923BAD1,EXISTING_SUPPLEMENTARY_RESULT
"D:\polix_xai_webapp\research_paper_ieee\supplementary_experiments\deployed_xai_exact_from_model_service.csv",76946CC7CDE27C28E0C5E86437BFDEC034D7CC14E628F7527EE1D054C1121718,EXISTING_SUPPLEMENTARY_RESULT
"D:\polix_xai_webapp\research_paper_ieee\supplementary_experiments\isolation_seed_stability_summary.csv",5125A5D60491FF8DA656CFC83A4D995BC380E737A0D65290FE2730C3B4654DF2,EXISTING_SUPPLEMENTARY_RESULT
"D:\polix_xai_webapp\research_paper_ieee\supplementary_experiments\contamination_candidate_stability.csv",98007359B5341C393FF023CCDEFF5CD0612B87EE6413A6482182F5E3D97E991A,EXISTING_SUPPLEMENTARY_RESULT
"D:\polix_xai_webapp\research_paper_ieee\supplementary_experiments\jackknife_observation_stability.csv",706376F378A548BC26A8A84D756D1DC15CB1D4ED913B35CDAD31BADEEB285A3C,EXISTING_SUPPLEMENTARY_RESULT
"D:\polix_xai_webapp\research_paper_ieee\supplementary_experiments\matrix_ablation_summary.csv",03721F55EF034B6E4856FD5B04593182E4F17A304F84994CCAEA11E3986D40EB,EXISTING_SUPPLEMENTARY_RESULT
"D:\polix_xai_webapp\research_paper_ieee\supplementary_experiments\ranking_agreement.csv",58C8D910545028A0F308C858D5EF7BF42287FCA1ECDBECC4CF84D5F38263B30B,EXISTING_SUPPLEMENTARY_RESULT
"D:\polix_xai_webapp\research_paper_ieee\supplementary_experiments\faithfulness_verdict_reproduction.csv",286402312F4B0802505B15A388CB6BD805D1625374453DB7DECB5310F479BF1E,EXISTING_SUPPLEMENTARY_RESULT
"D:\ISROtrial\Polix_L2_full_archive\final_project_outputs\07_documentation\POLIX_XAI_Final_Report_Reviewed.md",5D37B4A43901C86C697F83E31F138384CE320470ECB6BE2E887861E3A2C3229F,REVIEWED_REPORT_FROZEN
"D:\polix_xai_webapp\research_paper_ieee\06_IEEE_Conference_Manuscript_Draft.md",6E110EF5FE6570ABB138337BEC53C12D8A89A02C048B2582AE6D9613D90F5305,DRAFT1_FROZEN
"D:\polix_xai_webapp\research_paper_ieee\07_IEEE_Conference_Manuscript.tex",C849C8340CE41A08767579BDC0C565F9FB7693C2FBC17023D46C6E1714F5511A,DRAFT1_FROZEN
"D:\polix_xai_webapp\research_paper_ieee\final_content_candidate\01_FINAL_MANUSCRIPT_DRAFT2.md",D497B024E80DB3A007D740D20DA37D68C54290D40E8EB7485E637B2EFC57BC30,PRIOR_CANDIDATE_FROZEN
"D:\polix_xai_webapp\research_paper_ieee\final_content_candidate\02_FINAL_MANUSCRIPT_DRAFT2.tex",8B9322FB31E07619BC8E6500C0B306EAA47FF9F549C987F8EA2C126536AC9D4F,PRIOR_CANDIDATE_FROZEN
"D:\polix_xai_webapp\research_paper_ieee\XAI_Version_Mismatch_Audit.md",4E210F6EA93AB8D613436BDDE4C02DF0034FE42E4371037BC5830C2FED24089C,ACCEPTED_AUDIT_FROZEN
"D:\polix_xai_webapp\research_paper_ieee\POLIX_XAI_Final_Report_Errata.md",36729EBC78DD10CF7AABE151CD809330A2EB3D4037F7015F19CAB3A9DFFD8FA5,ACCEPTED_ERRATA_FROZEN

