source_id,evidence_class,control_status,path_or_url,sha256,allowed_claims,planned_use,reading_rule
S001,ORIGINAL_NOTEBOOK,AUTHORITATIVE,"D:\ISROtrial\Polix_L2_full_archive\01_WeightedRoll_Exploration.ipynb",CA2366EB1F2C830AD9CA50059AB9E3CE8268D9635A9982CDEF48C29E5F622F74,C-PHYS,"Initial WeightedRoll inspection and diagnostic-branch rationale","Target relevant cells only; do not ingest image payloads"
S002,ORIGINAL_NOTEBOOK,AUTHORITATIVE,"D:\ISROtrial\Polix_L2_full_archive\02_Primary_POLIX_Products_Inspection.ipynb",E8BF3116719BAF1F29A0F45C31243EFC8D9D2F17C2A36B029C9CE72AB91479A1,C-DATA|C-FEATURE,"Level-2 product shapes and channel-space summaries","Target product-inspection and feature-definition cells"
S003,ORIGINAL_NOTEBOOK,AUTHORITATIVE,"D:\ISROtrial\Polix_L2_full_archive\03_Observation_Feature_Table.ipynb",46FA15AE0AB7472561ED2905140DB9531F69C3E9C913BD5530E5152BE386FAE3,C-FEATURE,"Early feature-table lineage","Historical implementation stage; do not confuse with Matrix C"
S004,ORIGINAL_NOTEBOOK,AUTHORITATIVE,"D:\ISROtrial\Polix_L2_full_archive\04_Exploratory_Data_Analysis.ipynb",9D3870E24E0C61E7722503719390AF436623F218CC39CF119F52F2531A58ABD8,C-ML,"Early exploratory standardization and descriptive analysis","Historical method stage only"
S005,ORIGINAL_NOTEBOOK,AUTHORITATIVE,"D:\ISROtrial\Polix_L2_full_archive\05_PCA_and_Structure_Discovery.ipynb",933CC92CD044C929352C66DF517F6031A3BE72508E13CDCD2C7AE6E80B6DCC7F,C-ML,"Early PCA development history","Historical method stage only"
S006,ORIGINAL_NOTEBOOK,AUTHORITATIVE,"D:\ISROtrial\Polix_L2_full_archive\06_Unsupervised_Analysis.ipynb",40B4D545521228EA9AF82077DE5571237D826F0D79B85DBF43A6ADF952EE47CD,C-ML,"Early KMeans/DBSCAN/Isolation Forest development","Do not use early parameters as deployed parameters"
S007,ORIGINAL_NOTEBOOK,AUTHORITATIVE,"D:\ISROtrial\Polix_L2_full_archive\07_Result_Interpretation_and_Visualization.ipynb",74FA07CB6E984E8EBBB1FE0800A94294A93ED5DD623AF745882749B3BB70A532,C-ML,"Early exploratory candidate interpretation","Historical stage; not fixed deployed result"
S008,ORIGINAL_NOTEBOOK,AUTHORITATIVE,"D:\ISROtrial\Polix_L2_full_archive\08_Feature_Set_V2_Product_Tier_Engineering.ipynb",D83C1ADE91B3B61E9783B275692A5965B85D7874342C7BDD2E4645450956190F,C-DATA|C-FEATURE,"Matrix A/B/C/WR construction and 15-feature definitions","Read extraction and save cells; CSV controls values"
S009,ORIGINAL_NOTEBOOK,AUTHORITATIVE,"D:\ISROtrial\Polix_L2_full_archive\09_V2_Matrix_Audit_and_Unsupervised_Analysis.ipynb",57FE81B243A55FB78C349543946FE01485F9406AF2F6B7EA6AB585C92EC93F1D,C-ML|C-ROBUST,"Matrix comparison and exploratory candidate analysis","Keep exploratory results distinct from deployed fixed result"
S010,ORIGINAL_NOTEBOOK,AUTHORITATIVE,"D:\ISROtrial\Polix_L2_full_archive\10_Unsupervised_XAI_Model_Explanations.ipynb",0F93867D8A565ABCFD7D880D10059ED11C180A850ED19A8593A2CC9926448304,C-ML|C-XAI,"Saved model lineage and original XAI/neutralization stage","Deployed service audit controls current Sco X-1 order"
S011,ORIGINAL_NOTEBOOK,AUTHORITATIVE,"D:\ISROtrial\Polix_L2_full_archive\11_POLIX_Polarization_Parameter_Analysis.ipynb",90D7AE3DC2DADD28924FC9BBDF5AFC302C9B5022C6DA6FEB87D1EF78B2657086,C-PHYS,"WeightedRoll fit, role mapping, blank-sky reference and saved outputs","Read relevant code/text outputs only; CSV controls numbers"
S012,ORIGINAL_RESULT_CSV,AUTHORITATIVE,"D:\ISROtrial\Polix_L2_full_archive\final_project_outputs\02_feature_engineering\polix_matrix_v2_A_primary_final_chain.csv",C9031C30B8BD05CED089ED7B863B4BB9E189BC04F17075BD99CAB0F8B05ED6C4,C-FEATURE|C-ROBUST,"Matrix A schema and ablation input","Read-only"
S013,ORIGINAL_RESULT_CSV,AUTHORITATIVE,"D:\ISROtrial\Polix_L2_full_archive\final_project_outputs\02_feature_engineering\polix_matrix_v2_B_primary_plus_source_diag.csv",21411E20D55C94704E6E26FC87A3570CBD9B3A8CECF8E2930FE9954DB5F723C8,C-FEATURE|C-ROBUST,"Matrix B schema and ablation input","Read-only"
S014,ORIGINAL_RESULT_CSV,AUTHORITATIVE,"D:\ISROtrial\Polix_L2_full_archive\final_project_outputs\02_feature_engineering\polix_matrix_v2_C_primary_plus_supporting.csv",3936E1B0AAF44ACFF39597BEFEC1B466A26511123655946F8829A4E6263DB0FA,C-DATA|C-FEATURE|C-ML,"Final 25-by-15 deployed feature matrix","Read-only; primary Matrix-C evidence"
S015,ORIGINAL_RESULT_CSV,AUTHORITATIVE,"D:\ISROtrial\Polix_L2_full_archive\final_project_outputs\02_feature_engineering\polix_matrix_v2_WR_weightedroll_diagnostic.csv",B8A49EE9FB205C607B160CAB19DFFCEBFC187DD256757421C590AF3987B811DB,C-PHYS,"Separate WeightedRoll diagnostic matrix","Never treat as Matrix-C model input or ablation tier"
S016,ORIGINAL_RESULT_CSV,SUPPORTING,"D:\ISROtrial\Polix_L2_full_archive\final_project_outputs\03_ml_xai_results\v2_final_primary_unsupervised_xai_explanations.csv",849AC208B92157C08130EDFECE4A1C34EF2BB897E86A256478499F5E55BF82A5,C-XAI,"Original Notebook-10 explanation output","Historical XAI output; superseded locally where versioned service audit differs"
S017,ORIGINAL_RESULT_CSV,AUTHORITATIVE,"D:\ISROtrial\Polix_L2_full_archive\final_project_outputs\03_ml_xai_results\v2_unsupervised_xai_faithfulness_test.csv",5C517A8D0C308739FB6B406E0453584EC96B8079AB8D083A459C37010967885A,C-XAI,"Six-case neutralization values","Exploratory stage only"
S018,ORIGINAL_RESULT_CSV,AUTHORITATIVE,"D:\ISROtrial\Polix_L2_full_archive\final_project_outputs\03_ml_xai_results\v2_unsupervised_xai_faithfulness_verdict.csv",EDEFB08DCEF5DCF71EB9C3FCDBE6C01EBF1EE94802977D11B356EE4D38493B6F,C-XAI,"Original verdict categories","Verify against reproduction"
S019,ORIGINAL_RESULT_CSV,AUTHORITATIVE,"D:\ISROtrial\Polix_L2_full_archive\final_project_outputs\04_polarimetry_results\polix_weightedroll_raw_modulation_fits.csv",0904F151095CBBBE30B2F9CB163E38B6E0B97788627964461C1D707F0A3CEC86,C-PHYS,"All 25 Notebook-11 harmonic fits","Controls reported project fit values"
S020,ORIGINAL_RESULT_CSV,AUTHORITATIVE,"D:\ISROtrial\Polix_L2_full_archive\final_project_outputs\04_polarimetry_results\path2_all_observations_fractional_qu_vectors.csv",115811A3170B29774F3172093489530E2CBA75A4339CBB0475B535CCD859E28E,C-PHYS,"Fractional harmonic coordinates for all observations","Use neutral harmonic-coordinate language"
S021,ORIGINAL_RESULT_CSV,AUTHORITATIVE,"D:\ISROtrial\Polix_L2_full_archive\final_project_outputs\04_polarimetry_results\path2_blank_sky_modulation_baseline.csv",67CD737FA57545AA75B731121222B53A77F1413774DEA67C91B67FDB5A72E964,C-PHYS,"Declared 13-fit blank-sky reference","Descriptive empirical rule; not confidence region"
S022,ORIGINAL_RESULT_CSV,AUTHORITATIVE,"D:\ISROtrial\Polix_L2_full_archive\final_project_outputs\04_polarimetry_results\path2_source_vs_blank_sky_modulation_comparison.csv",863D3B919721E44A902115C009F1DF5BA321B15D1FDED1651C2FFB58F5FD5437,C-PHYS,"All ten source comparisons","No polarization inference"
S023,ORIGINAL_RESULT_CSV,AUTHORITATIVE,"D:\ISROtrial\Polix_L2_full_archive\final_project_outputs\04_polarimetry_results\path2_final_polarization_xai_result_table_with_roles.csv",FF9262A0069DD00C0234F2D08FC16018519459831FF92EC073EFCE8A1ACBCF11,C-DATA|C-PHYS,"Observation roles and combined reporting table","Cross-check roles against archive identifiers"
S024,SAVED_MODEL,AUTHORITATIVE,"D:\polix_xai_webapp\model\polix_v2_matrixC_unsupervised_xai_model.pkl",D8EFD73C9744ED1CA1098A4599DA91ACDEDC250BB2B6639728364AEF6B8C180D,C-ML|C-XAI,"Frozen deployed model artifact","Inspection only; no fit or retraining"
S025,DEPLOYED_CODE,AUTHORITATIVE,"D:\polix_xai_webapp\model_service.py",F749FFD0E79A951F42555F5083D2056567DE9CCAAF721772601EA0A79856C877,C-ML|C-XAI,"Fixed prediction rule and current XAI function","Read-only; controls service behaviour"
S026,DEPLOYED_CODE,AUTHORITATIVE,"D:\polix_xai_webapp\feature_extractor.py",45A9AE59E9822528C1E6D64AC107A121BB7291D7C352BF744E6FC9D06F0569CB,C-FEATURE,"Deployed feature extraction and no-imputer check","Read-only"
S027,DEPLOYED_CODE,SUPPORTING,"D:\polix_xai_webapp\polarization_service.py",9F93886080C9D6378C670D6365C17A12FE4DDDAECAE145EEFED34A6718C5D738,C-PHYS,"Later Flask harmonic implementation and uncertainty comparison","Do not merge service uncertainty with Notebook-11 CSV"
S028,CONFIGURATION,AUTHORITATIVE,"D:\polix_xai_webapp\config\polarimetry_config.json",DB0A644AAC6EB52EA20DF3856FFC707586AF1246FFA3BA9F7E532E7E50A4D6C5,C-PHYS,"Project fit-quality and blank-sky settings","Project-defined rules only"
S029,SUPPLEMENTARY_RESULT,AUTHORITATIVE,"D:\polix_xai_webapp\research_paper_ieee\supplementary_experiments\deployed_model_reproduction.csv",3E6B88BC77917C07DB7BEF8021B7E3B10741314657A12E654F919D1B2923BAD1,C-ML,"Exact frozen prediction and score reproduction","Existing output only"
S030,SUPPLEMENTARY_RESULT,AUTHORITATIVE,"D:\polix_xai_webapp\research_paper_ieee\supplementary_experiments\deployed_xai_exact_from_model_service.csv",76946CC7CDE27C28E0C5E86437BFDEC034D7CC14E628F7527EE1D054C1121718,C-XAI,"Current versioned service XAI output","Controls Sco X-1 order"
S031,SUPPLEMENTARY_RESULT,AUTHORITATIVE,"D:\polix_xai_webapp\research_paper_ieee\supplementary_experiments\isolation_seed_stability_summary.csv",5125A5D60491FF8DA656CFC83A4D995BC380E737A0D65290FE2730C3B4654DF2,C-ROBUST,"100-seed candidate frequencies","Tested-procedure stability only"
S032,SUPPLEMENTARY_RESULT,AUTHORITATIVE,"D:\polix_xai_webapp\research_paper_ieee\supplementary_experiments\contamination_candidate_stability.csv",98007359B5341C393FF023CCDEFF5CD0612B87EE6413A6482182F5E3D97E991A,C-ROBUST,"Contamination threshold sensitivity","Not independent validation"
S033,SUPPLEMENTARY_RESULT,AUTHORITATIVE,"D:\polix_xai_webapp\research_paper_ieee\supplementary_experiments\jackknife_observation_stability.csv",706376F378A548BC26A8A84D756D1DC15CB1D4ED913B35CDAD31BADEEB285A3C,C-ROBUST,"Retrospective observation influence","Not future-observation validation"
S034,SUPPLEMENTARY_RESULT,AUTHORITATIVE,"D:\polix_xai_webapp\research_paper_ieee\supplementary_experiments\matrix_ablation_summary.csv",03721F55EF034B6E4856FD5B04593182E4F17A304F84994CCAEA11E3986D40EB,C-ROBUST,"Matrix A/B/C persistence summary","WR remains separate"
S035,SUPPLEMENTARY_RESULT,SUPPORTING,"D:\polix_xai_webapp\research_paper_ieee\supplementary_experiments\ranking_agreement.csv",58C8D910545028A0F308C858D5EF7BF42287FCA1ECDBECC4CF84D5F38263B30B,C-ROBUST,"Descriptive rank correlations","No overinterpretation of p-values"
S036,SUPPLEMENTARY_RESULT,AUTHORITATIVE,"D:\polix_xai_webapp\research_paper_ieee\supplementary_experiments\faithfulness_verdict_reproduction.csv",286402312F4B0802505B15A388CB6BD805D1625374453DB7DECB5310F479BF1E,C-XAI,"Reproduced six-case verdict counts","Sanity check only"
S037,REVIEWED_REPORT,HISTORICAL,"D:\ISROtrial\Polix_L2_full_archive\final_project_outputs\07_documentation\POLIX_XAI_Final_Report_Reviewed.md",5D37B4A43901C86C697F83E31F138384CE320470ECB6BE2E887861E3A2C3229F,C-NARRATIVE,"Narrative project understanding","Consult only for an explicitly logged question; never controls numbers"
S038,DRAFT_MANUSCRIPT,HISTORICAL,"D:\polix_xai_webapp\research_paper_ieee\06_IEEE_Conference_Manuscript_Draft.md",6E110EF5FE6570ABB138337BEC53C12D8A89A02C048B2582AE6D9613D90F5305,C-NONE,"Frozen Draft 1 Markdown","Do not read during evidence or knowledge-base phases"
S039,DRAFT_MANUSCRIPT,HISTORICAL,"D:\polix_xai_webapp\research_paper_ieee\07_IEEE_Conference_Manuscript.tex",C849C8340CE41A08767579BDC0C565F9FB7693C2FBC17023D46C6E1714F5511A,C-NONE,"Frozen Draft 1 LaTeX","Do not read during evidence or knowledge-base phases"
S040,DRAFT_MANUSCRIPT,HISTORICAL,"D:\polix_xai_webapp\research_paper_ieee\final_content_candidate\01_FINAL_MANUSCRIPT_DRAFT2.md",D497B024E80DB3A007D740D20DA37D68C54290D40E8EB7485E637B2EFC57BC30,C-NONE,"Existing final-content candidate Markdown","Omission check only after new canonical manuscript exists"
S041,DRAFT_MANUSCRIPT,HISTORICAL,"D:\polix_xai_webapp\research_paper_ieee\final_content_candidate\02_FINAL_MANUSCRIPT_DRAFT2.tex",8B9322FB31E07619BC8E6500C0B306EAA47FF9F549C987F8EA2C126536AC9D4F,C-NONE,"Existing final-content candidate LaTeX","Omission check only after new canonical manuscript exists"
S042,ACCEPTED_AUDIT,AUTHORITATIVE,"D:\polix_xai_webapp\research_paper_ieee\XAI_Version_Mismatch_Audit.md",4E210F6EA93AB8D613436BDDE4C02DF0034FE42E4371037BC5830C2FED24089C,C-XAI,"Accepted XAI version mismatch resolution","Keep unchanged"
S043,ERRATA,AUTHORITATIVE,"D:\polix_xai_webapp\research_paper_ieee\POLIX_XAI_Final_Report_Errata.md",36729EBC78DD10CF7AABE151CD809330A2EB3D4037F7015F19CAB3A9DFFD8FA5,C-FEATURE|C-XAI|C-PHYS,"Accepted corrections to reviewed-report narrative","Keep unchanged"
S044,VERIFIED_REFERENCE_LIBRARY,SUPPORTING,"D:\polix_xai_webapp\research_paper_ieee\research_paper_os_v2\literature\Verified_Reference_Library.md",0B4A0282DD6B399022499DE776AAC4E7B9491CF1C81F5AE2624DE3849FA2A756,C-LIT,"Starting library for general theory and context","Retain only claim-needed verified primary sources; exclude handbook"
S045,REFERENCE_CLAIM_MAP,SUPPORTING,"D:\polix_xai_webapp\research_paper_ieee\research_paper_os_v2\literature\Reference_Claim_Map.csv",065CB8AFB14CED5721ABDC439C7A423A98E0F45EECFD86992F34B1681231BF9F,C-LIT,"Existing source-to-claim map","Reverify retained entries"
S046,ACCEPTED_AUDIT,SUPPORTING,"D:\polix_xai_webapp\research_paper_ieee\research_paper_os_v2\agents\04_ML_Statistics_Audit.md",6B2E4FE6CA1614AB4F5A2BA4C3F30B88A161553ED222F6D2251909E45750AC45,C-ML|C-ROBUST,"Existing ML/statistical boundary audit","Supporting audit; CSV/code remain controlling"
S047,ACCEPTED_AUDIT,SUPPORTING,"D:\polix_xai_webapp\research_paper_ieee\research_paper_os_v2\agents\05_XAI_Method_Audit.md",EDC92C4ED68E10A240803E1C2F3A91BAC82131778E1904DD442C16343DDFBA75,C-XAI,"Existing XAI method boundary audit","Supporting audit; service code remains controlling"
S048,ACCEPTED_AUDIT,SUPPORTING,"D:\polix_xai_webapp\research_paper_ieee\research_paper_os_v2\agents\06_Physical_Diagnostic_Audit.md",5E8D9C7DBC6476E76C1E7DC91BCD741F7A953C688F7D5D5B6F536357516E5F89,C-PHYS,"Existing physical-diagnostic boundary audit","Supporting audit; no handbook content carried into paper"
S049,ACCEPTED_AUDIT,SUPPORTING,"D:\polix_xai_webapp\research_paper_ieee\research_paper_os_v2\agents\08_Novelty_Contribution_Audit.md",CF1BCCB2357B651A94A2F2323533EBD41278683F7A940A8A222A3DD19D0255C8,C-CONTRIB,"Contribution framing","Guide direction controls final framing"
S050,ACCEPTED_AUDIT,SUPPORTING,"D:\polix_xai_webapp\research_paper_ieee\research_paper_os_v2\agents\09_Hostile_Peer_Review.md",4C5FF6C9DF4A0F4D7055CBA3C9CAA0918E7B7644EDF6FAB124A9750EE4AC4ABB,C-RISK,"Known review risks","Use as checklist; not scientific evidence"
S051,ACCEPTED_AUDIT,HISTORICAL,"D:\polix_xai_webapp\research_paper_ieee\research_paper_os_v2\agents\11_Manuscript_Reconstruction_Plan.md",772360169A1B2B6F0E370FF7A3322EEFB3A3235DA7D8645E14AEEB5CABC7EE3E,C-NONE,"Prior reconstruction decisions","Omission check only; latest guide-approved run controls"
S052,USER_REFERENCE_IMAGE,EXCLUDED,"C:\Users\Saatvik\Downloads\WhatsApp Image 2026-08-01 at 10.58.20.jpeg",87C86E698A116601D5EF18614DA04564535505EF64F0D8BFD1D71A97B6B85BBB,C-NONE,"Large architecture communication reference","Never cite or use as scientific evidence; do not insert unchanged"
S053,USER_REFERENCE_IMAGE,EXCLUDED,"C:\Users\Saatvik\Downloads\WhatsApp Image 2026-07-10 at 20.42.37.jpeg",BFA81295596EBED45E39E03ACDCA12E2A54420BC95AE0F35414F2AD601338766,C-NONE,"Handbook screenshot supplied for context","Never cite or use as evidence; no manuscript mention"
S054,OFFICIAL_WEB_GUIDANCE,SUPPORTING,"https://conferences.ieeeauthorcenter.ieee.org/write-your-paper/authoring-tools-and-templates/",N-A,C-FORMAT,"Official IEEE conference authoring and template guidance","Recheck during formatting phase"
S055,OFFICIAL_WEB_GUIDANCE,SUPPORTING,"https://conferences.ieeeauthorcenter.ieee.org/write-your-paper/improve-your-graphics/",N-A,C-FORMAT,"Official IEEE graphics guidance","Recheck during figure phase"
S056,OFFICIAL_WEB_GUIDANCE,SUPPORTING,"https://conferences.ieeeauthorcenter.ieee.org/author-ethics/ethical-requirements/",N-A,C-ETHICS,"Official originality and reporting guidance","Recheck during review phase"

