figure_id,artifact_type,evidence_class,path,sha256,usage
ALL,GENERATOR,VISUALIZATION_CODE,D:\polix_xai_webapp\research_paper_ieee\guide_approved_final_run\04_SRI_LANKA_FIGURES\figure_generation\generate_phase4_figures.py,AED429CD579B743E570B01E9759FAC8CF88A538318880D5A2448889B4F365CC4,Visualization-only generation; no fitting or model training
Fig1,SOURCE,APPROVED_KNOWLEDGE_BASE,D:\polix_xai_webapp\research_paper_ieee\guide_approved_final_run\02_BHUTAN_KNOWLEDGE_BASE\BHUTAN_KB_INDEX.md,87E13E75A1AE7E20341623458154676A8A1D59B4B404A8E282575EFF7DFDE54C,Architecture and branch separation
Fig1,SOURCE,APPROVED_KNOWLEDGE_BASE,D:\polix_xai_webapp\research_paper_ieee\guide_approved_final_run\02_BHUTAN_KNOWLEDGE_BASE\BHUTAN_KB_06_Local_XAI_Heuristic.md,E2F8C47A6F9B6F82E8B55068F98ED756FFF24EF1FC55C4A12E8AD8AECAE2F84B,Four-component local ranking
Fig1,SOURCE,APPROVED_KNOWLEDGE_BASE,D:\polix_xai_webapp\research_paper_ieee\guide_approved_final_run\02_BHUTAN_KNOWLEDGE_BASE\BHUTAN_KB_08_WeightedRoll_Harmonic_Fit.md,B0DF9A4C46C6FFC6E2920424C6F4291E5FD1714BB275324224880B9239201405,Independent harmonic branch
Fig1,OUTPUT,PAPER_FIGURE,D:\polix_xai_webapp\research_paper_ieee\guide_approved_final_run\04_SRI_LANKA_FIGURES\figures\Fig1_corrected_framework.png,3C0BF8B81FEFACC7A4DEC38F788E09F36720750AFFC3D9A2D408A7F9CB56484B,300-dpi PNG
Fig1,OUTPUT,PAPER_FIGURE,D:\polix_xai_webapp\research_paper_ieee\guide_approved_final_run\04_SRI_LANKA_FIGURES\figures\Fig1_corrected_framework.pdf,3228A2A783D18F2F63B7B44EF903F53D2BB0FA1F8CB7C76142948415072FFE94,Vector PDF
Fig2,SOURCE,CONTROLLING_NUMERICAL_CSV,D:\ISROtrial\Polix_L2_full_archive\final_project_outputs\02_feature_engineering\polix_matrix_v2_C_primary_plus_supporting.csv,3936E1B0AAF44ACFF39597BEFEC1B466A26511123655946F8829A4E6263DB0FA,Frozen 25×15 input
Fig2,SOURCE,VERSIONED_MODEL_ARTIFACT,D:\polix_xai_webapp\model\polix_v2_matrixC_unsupervised_xai_model.pkl,D8EFD73C9744ED1CA1098A4599DA91ACDEDC250BB2B6639728364AEF6B8C180D,Saved scaler and PCA parameters; transform only
Fig2,SOURCE,VERIFIED_JOIN,D:\polix_xai_webapp\research_paper_ieee\guide_approved_final_run\01_NEPAL_EVIDENCE\NEPAL_Part_03_All_25_Observation_Truth_Table.csv,EC6A842B69CF1BE380E176B2DEAC9461A9D88AC1A25D741BC49649BE4C3D1FD5,"Roles, labels and fixed candidate status"
Fig2,SOURCE,PLOTTING_DERIVATIVE,D:\polix_xai_webapp\research_paper_ieee\guide_approved_final_run\04_SRI_LANKA_FIGURES\figure_generation\phase4_pca_coordinates.csv,6E097EF28D17E6531E2158D94AFCD61BEE1C968F37CE443F6C5FD57D73CD7890,Saved PCA plotting coordinates
Fig2,OUTPUT,PAPER_FIGURE,D:\polix_xai_webapp\research_paper_ieee\guide_approved_final_run\04_SRI_LANKA_FIGURES\figures\Fig2_matrixC_PCA_space.png,10A37B7FC0E3E209AA5403553DAE6126BCDDF4B2163851C4CC238899A3BCFEB9,300-dpi PNG
Fig2,OUTPUT,PAPER_FIGURE,D:\polix_xai_webapp\research_paper_ieee\guide_approved_final_run\04_SRI_LANKA_FIGURES\figures\Fig2_matrixC_PCA_space.pdf,CCE3904A39159D502EEE1603ADC208E58708A8411EF0599A8DA6F4E7AD6D9A9C,Vector PDF
Fig3,SOURCE,CONTROLLING_REPRODUCTION_CSV,D:\polix_xai_webapp\research_paper_ieee\supplementary_experiments\deployed_model_reproduction.csv,3E6B88BC77917C07DB7BEF8021B7E3B10741314657A12E654F919D1B2923BAD1,Fixed scores and labels
Fig3,SOURCE,CONTROLLING_ROBUSTNESS_CSV,D:\polix_xai_webapp\research_paper_ieee\supplementary_experiments\isolation_seed_stability_summary.csv,5125A5D60491FF8DA656CFC83A4D995BC380E737A0D65290FE2730C3B4654DF2,100-seed selection frequency
Fig3,SOURCE,VERIFIED_JOIN,D:\polix_xai_webapp\research_paper_ieee\guide_approved_final_run\01_NEPAL_EVIDENCE\NEPAL_Part_03_All_25_Observation_Truth_Table.csv,EC6A842B69CF1BE380E176B2DEAC9461A9D88AC1A25D741BC49649BE4C3D1FD5,Roles and target names
Fig3,SOURCE,PLOTTING_DERIVATIVE,D:\polix_xai_webapp\research_paper_ieee\guide_approved_final_run\04_SRI_LANKA_FIGURES\figure_generation\phase4_ranking_plot_data.csv,FB29582E94E2E2D12FB5A44E788BB5592287F2C615E087728C73EF0524E7F920,Joined ranking data
Fig3,OUTPUT,PAPER_FIGURE,D:\polix_xai_webapp\research_paper_ieee\guide_approved_final_run\04_SRI_LANKA_FIGURES\figures\Fig3_fixed_score_ranking_seed_frequency.png,7F325C4A6C69DB05C9F25B347C573A421CC191F4C710B50E2D8F90CF2DB76D87,300-dpi PNG
Fig3,OUTPUT,PAPER_FIGURE,D:\polix_xai_webapp\research_paper_ieee\guide_approved_final_run\04_SRI_LANKA_FIGURES\figures\Fig3_fixed_score_ranking_seed_frequency.pdf,99CB7BD4F1829FAACCD1AC85F99CA52C3FB8D07566AE378CCCBE363ABA0B7A0A,Vector PDF
Fig4,SOURCE,CONTROLLING_NUMERICAL_CSV,D:\ISROtrial\Polix_L2_full_archive\final_project_outputs\04_polarimetry_results\path2_all_observations_fractional_qu_vectors.csv,115811A3170B29774F3172093489530E2CBA75A4339CBB0475B535CCD859E28E,Fractional harmonic coordinates and fit quality
Fig4,SOURCE,CONTROLLING_REPRODUCTION_CSV,D:\polix_xai_webapp\research_paper_ieee\supplementary_experiments\deployed_model_reproduction.csv,3E6B88BC77917C07DB7BEF8021B7E3B10741314657A12E654F919D1B2923BAD1,Fixed candidate status
Fig4,SOURCE,PLOTTING_DERIVATIVE,D:\polix_xai_webapp\research_paper_ieee\guide_approved_final_run\04_SRI_LANKA_FIGURES\figure_generation\phase4_harmonic_plot_data.csv,7605D9E6C5C3A651532F43CF3D9D91B440514F5AD8AF44DFF299780F15D44B96,Joined plotting data and reference membership
Fig4,OUTPUT,PAPER_FIGURE,D:\polix_xai_webapp\research_paper_ieee\guide_approved_final_run\04_SRI_LANKA_FIGURES\figures\Fig4_fractional_harmonic_diagnostic_space.png,ABBC6AAFB80B4B3104CE9738FAAC7EE474D62CEB12F85124B84006290F0C57FF,300-dpi PNG
Fig4,OUTPUT,PAPER_FIGURE,D:\polix_xai_webapp\research_paper_ieee\guide_approved_final_run\04_SRI_LANKA_FIGURES\figures\Fig4_fractional_harmonic_diagnostic_space.pdf,6326F246610176767AE38BECE0F1A89AEDA18C349BA862808669FF82C16779D6,Vector PDF
