relative_path,bytes,sha256
document_generation/audit_phase7.py,12208,3438B8B61603C7BDE6C0F8779BEC2AAE56C978E04C461A2F5FBCCBF5C5962F82
document_generation/build_guide_word.py,18553,340FE486E3B5EF3BB126F1A7277A7AB657FF4CEBA75A408276946F608830C19A
document_generation/finalize_word_equations.ps1,2714,7A7117E2DD083CC3552D59945EF3C42A615816F3F8D1AA2CDBB7CB569F8569D8
document_generation/finalize_word_equations.py,2231,DE5E86A8DE6BAA677DCC0B2E0167488EC5CB22363E560CEAAC689050792B2E08
document_generation/render_guide_word.ps1,1333,1D9214D77F1264EC6D26418C78F2AA7F8F4C6CBA0F9446D6F98D3391255261B5
portable_latex_package/figures/Fig1_corrected_framework.pdf,18849,3228A2A783D18F2F63B7B44EF903F53D2BB0FA1F8CB7C76142948415072FFE94
portable_latex_package/figures/Fig1_corrected_framework.png,250522,3C0BF8B81FEFACC7A4DEC38F788E09F36720750AFFC3D9A2D408A7F9CB56484B
portable_latex_package/figures/Fig2_matrixC_PCA_space.pdf,14033,CCE3904A39159D502EEE1603ADC208E58708A8411EF0599A8DA6F4E7AD6D9A9C
portable_latex_package/figures/Fig2_matrixC_PCA_space.png,62585,10A37B7FC0E3E209AA5403553DAE6126BCDDF4B2163851C4CC238899A3BCFEB9
portable_latex_package/figures/Fig3_fixed_score_ranking_seed_frequency.pdf,17713,99CB7BD4F1829FAACCD1AC85F99CA52C3FB8D07566AE378CCCBE363ABA0B7A0A
portable_latex_package/figures/Fig3_fixed_score_ranking_seed_frequency.png,310430,7F325C4A6C69DB05C9F25B347C573A421CC191F4C710B50E2D8F90CF2DB76D87
portable_latex_package/figures/Fig4_fractional_harmonic_diagnostic_space.pdf,17308,6326F246610176767AE38BECE0F1A89AEDA18C349BA862808669FF82C16779D6
portable_latex_package/figures/Fig4_fractional_harmonic_diagnostic_space.png,127934,ABBC6AAFB80B4B3104CE9738FAAC7EE474D62CEB12F85124B84006290F0C57FF
portable_latex_package/manuscript.tex,39167,7E83598D4D0513787FD15E32E18BA5E524621713C760E980B30F400131B0387D
portable_latex_package/README.md,1079,DCDC708C03D4BA6B77C4B3EBDCA8454FD0129B3399B09FF2633DF0F52911F5E3
portable_latex_package/references.bib,5774,72FA8EF1D3754B11AAAF6692613A57659218FC479AB59CC921F680E408CC97D1
qa_render/a11y_audit.json,245,DEBE820E4AE0D002D17DC16DA6E021F5A66BAE3FB51084663E955FBA4892DE24
qa_render/page-01.png,454718,3738136274653FFF8B22CFF528684B7D91C225FB7FA3967F344842C71B972C40
qa_render/page-02.png,444192,E1A7E4D5F3DF798697C29C1B3F9D7291565DADA8E752FFEA65F2BA94F9DBCA41
qa_render/page-03.png,275169,3F7BB38AD3BA9BB3AFA1661C546D3BA18995F19C122E9E36A34B2D0E176CA5DF
qa_render/page-04.png,331628,CF4505E8CF626B5B07B75F62937E7E43492C5C640F30D61AFA54B2683FDE6992
qa_render/page-05.png,308136,FBD973E245458B9EDFD4138FF3F9D55D441CBCCD907DB2E31D86D25AA6A33133
qa_render/page-06.png,185945,AFFA2D0FC1A50F06F6811FEFC73B935BBB836E6C12AC246BBE87BB41197A2E84
qa_render/page-07.png,369857,D87CEF1E2712121AB4856A404D5CCDCCE5B384C3F40AECFF92A04E3A2ADC0FAA
qa_render/page-08.png,280231,D74B7F77898C00DA0898770D92A3A9A3D738A3CB67B119913CA63F1B7582D171
qa_render/page-09.png,345605,9421684B15EF435CABAA6E8D96569DC4732459330CFD8903EE16F47BFF25D44C
qa_render/page-10.png,241412,7EDAE7B78105149CBD06981C8F9370549259C9EF2BF6D30CF953D5DF62F11000
qa_render/page-11.png,431629,563D6A79B06B381F4B2E51E4595B9A0118E4730866B7DB3EBBDB3B8B9CA05F31
qa_render/page-12.png,469467,8B4452DB8EA00D36BACACDC8079C852DDF7761B65EC5E4BCAE582D114E48261D
qa_render/page-13.png,333426,381C7B125F2CF4290B885BE10BA5E9B3194A59A0B3794F785836830291F2A2D5
selected_figures/Fig1_corrected_framework.pdf,18849,3228A2A783D18F2F63B7B44EF903F53D2BB0FA1F8CB7C76142948415072FFE94
selected_figures/Fig1_corrected_framework.png,250522,3C0BF8B81FEFACC7A4DEC38F788E09F36720750AFFC3D9A2D408A7F9CB56484B
selected_figures/Fig2_matrixC_PCA_space.pdf,14033,CCE3904A39159D502EEE1603ADC208E58708A8411EF0599A8DA6F4E7AD6D9A9C
selected_figures/Fig2_matrixC_PCA_space.png,62585,10A37B7FC0E3E209AA5403553DAE6126BCDDF4B2163851C4CC238899A3BCFEB9
selected_figures/Fig3_fixed_score_ranking_seed_frequency.pdf,17713,99CB7BD4F1829FAACCD1AC85F99CA52C3FB8D07566AE378CCCBE363ABA0B7A0A
selected_figures/Fig3_fixed_score_ranking_seed_frequency.png,310430,7F325C4A6C69DB05C9F25B347C573A421CC191F4C710B50E2D8F90CF2DB76D87
selected_figures/Fig4_fractional_harmonic_diagnostic_space.pdf,17308,6326F246610176767AE38BECE0F1A89AEDA18C349BA862808669FF82C16779D6
selected_figures/Fig4_fractional_harmonic_diagnostic_space.png,127934,ABBC6AAFB80B4B3104CE9738FAAC7EE474D62CEB12F85124B84006290F0C57FF
SINGAPORE_Part_00_Controlled_Manuscript.md,39856,9FD664D025B9AC22629AD56F339B8D91CA7F26EDC676C797B3DC536550EB2E56
SINGAPORE_Part_01_Guide_Ready_Manuscript.docx,804725,3B1A35FF268CFF848424B1735685E3EAF0758E9482215D0CAFE39E21BED35E1D
SINGAPORE_Part_02_Portable_IEEE_Manuscript.tex,39167,7E83598D4D0513787FD15E32E18BA5E524621713C760E980B30F400131B0387D
SINGAPORE_Part_03_References.bib,5774,72FA8EF1D3754B11AAAF6692613A57659218FC479AB59CC921F680E408CC97D1
SINGAPORE_Part_04_Supplementary_Plan.md,2958,DA738ED8CAE9DCC7DE56C68E04ECB8DCEDE3E4DE27C3BFF41930724A2104EF99
SINGAPORE_Part_05_Claim_Evidence_Ledger.md,10849,DFFC1A4395EE275613F22477006EA9DF918699842A7243B38558ADCB8E49E7A8
SINGAPORE_Part_06_Guide_Decision_Sheet.md,3049,3DEBF884E54E8F2A2FD61D1DB75D4AD4430F6459EF346C5DE7119B97987AC8E1
SINGAPORE_Part_07_Human_Revision_Checklist.md,2121,2E19FFB76AEBAD6B3A66D335EF5659ACC76A2020E3DA5AE31FADFBB2CC982824
SINGAPORE_Part_08_Change_Log.md,2041,53185F2A027A0A3D88E479C03BBF41A9340C966A4D15477B406DF7A93BE8FBA7
SINGAPORE_Part_09_Delivery_Status.md,2091,C94C17683C988ABFA72C20E2701873749A80E797D96C5A9D1266B0EDACC09A19
SINGAPORE_Part_10_QA_Report.json,3304,704F62BCBCAD86276B6880BD2F15D551E62756938DE9D5B2274E4EA9C3FE13E5
SINGAPORE_Part_10_QA_Report.md,1977,B0870D708D408E28B76DE1F29F47C01726EF04C6CB0E34AFE0723DE9CCA349D4
SINGAPORE_Portable_LaTeX_Package.zip,762929,122B69D5FE11E70164BB34D79981B15283B9975959B455E61844C73998842464
