figure,role,path,sha256
FigA_representative_weightedroll_fits,source,D:\ISROtrial\Polix_L2_full_archive\final_project_outputs\04_polarimetry_results\polix_weightedroll_raw_modulation_fits.csv,0904F151095CBBBE30B2F9CB163E38B6E0B97788627964461C1D707F0A3CEC86
FigA_representative_weightedroll_fits,source,D:\polix_xai_webapp\research_paper_ieee\supplementary_experiments\deployed_model_reproduction.csv,3E6B88BC77917C07DB7BEF8021B7E3B10741314657A12E654F919D1B2923BAD1
FigA_representative_weightedroll_fits,source,D:\polix_xai_webapp\config\observation_metadata.json,09CC397B98F2FA153E791AC03CE955309F7BA7F9785E5D574520C4DAB207F038
FigA_representative_weightedroll_fits,output,D:\polix_xai_webapp\figure_audit_figures\FigA_representative_weightedroll_fits.png,ED2D7915A66E6D28B031B43EDEC02A8062EDDFDEFB23D6995A98E0247899AEA6
FigA_representative_weightedroll_fits,output,D:\polix_xai_webapp\figure_audit_figures\FigA_representative_weightedroll_fits.pdf,5CE5B240A11229DA02BE692253EB80D5C06C408E14E31801D53FA3FBC54E5FEB
FigA_representative_weightedroll_fits,output,D:\polix_xai_webapp\figure_audit_figures\FigA_representative_weightedroll_fits.svg,F698764B535862467DC35422D9ED8E8492590283A65738A58051D6C9C378388F
FigB_sco_x1_archive_relative_xai,source,D:\ISROtrial\Polix_L2_full_archive\final_project_outputs\02_feature_engineering\polix_matrix_v2_C_primary_plus_supporting.csv,3936E1B0AAF44ACFF39597BEFEC1B466A26511123655946F8829A4E6263DB0FA
FigB_sco_x1_archive_relative_xai,source,D:\polix_xai_webapp\research_paper_ieee\supplementary_experiments\deployed_xai_exact_from_model_service.csv,76946CC7CDE27C28E0C5E86437BFDEC034D7CC14E628F7527EE1D054C1121718
FigB_sco_x1_archive_relative_xai,source,D:\polix_xai_webapp\model\polix_v2_matrixC_unsupervised_xai_model.pkl,D8EFD73C9744ED1CA1098A4599DA91ACDEDC250BB2B6639728364AEF6B8C180D
FigB_sco_x1_archive_relative_xai,output,D:\polix_xai_webapp\figure_audit_figures\FigB_sco_x1_archive_relative_xai.png,00DF838BB6DAB9C9163597592A14BEC1389EB482FCDF84B2A3DB03BA4D0D5957
FigB_sco_x1_archive_relative_xai,output,D:\polix_xai_webapp\figure_audit_figures\FigB_sco_x1_archive_relative_xai.pdf,379E37298D29FFAB1EDD4D953976DACB21F349784E6BF004008BEB5F2CC1C59D
FigB_sco_x1_archive_relative_xai,output,D:\polix_xai_webapp\figure_audit_figures\FigB_sco_x1_archive_relative_xai.svg,ECE94FF3DE43051440125D2221BBCD9509095CACF82721EC064E1A1AFCEBC9D7
