path,sha256,rows,columns,column_names
D:\ISROtrial\Polix_L2_full_archive\final_project_outputs\02_feature_engineering\polix_features_v2_all_tiers.csv,EEEB422789325ACDD1745C5B4B05A94B4797E821D79FA21BCB99D7641B824CF6,25,52,observation_id;t1A_exp_mean_per_roll;t1A_exp_std_per_roll;t1A_exp_uniformity_cv;t1A_exp_min_roll;t1A_exp_max_roll;t1A_exp_roll_coverage_fraction;t1A_exp_detector_balance_cv;t1A_energy_total_counts;t1A_energy_peak_channel;t1A_energy_peak_counts;t1A_energy_weighted_mean_channel;t1A_energy_weighted_std_channel;t1A_energy_high_channel_fraction;t1A_energy_channel_entropy;t1A_energy_roll_concentration_cv;t1A_energy_anode_balance_cv;t1B_src_total_counts;t1B_src_mean_roll_counts;t1B_src_std_roll_counts;t1B_src_roll_cv;t1B_src_peak_to_median_roll;t1B_src_roll_entropy;t1B_src_roll_smoothness;t1B_src_anode_balance_cv;t2_lc_mean_rate;t2_lc_std_rate;t2_lc_rate_cv;t2_lc_peak_to_median_rate;t2_lc_mean_frac_exp;t2_lc_duration;t2_pha_total_counts;t2_pha_peak_channel;t2_pha_weighted_mean_channel;t2_pha_weighted_std_channel;t2_pha_high_channel_fraction;t2_pha_entropy;t2_det_lc_rate_balance_cv;t2_det_pha_count_balance_cv;t2_det_pha_centroid_spread;t3_wr_mean_count_rate;t3_wr_std_count_rate;t3_wr_modulation_depth;t3_wr_coefficient_of_variation;t3_wr_peak_roll_angle;t3_wr_valley_roll_angle;t3_wr_peak_to_median_ratio;t3_wr_curve_entropy;t3_wr_curve_smoothness;t3_wr_error_mean;t3_wr_error_std;t3_wr_signal_to_error_ratio
D:\ISROtrial\Polix_L2_full_archive\final_project_outputs\02_feature_engineering\polix_features_v2_audited_all_tiers.csv,4721EAD8825BB6B884655481A7F4377D49C28FA10CF1DEDC30A8E01104AB3E6D,25,41,observation_id;t1A_exp_mean_per_roll;t1A_exp_std_per_roll;t1A_exp_uniformity_cv;t1A_exp_min_roll;t1A_exp_max_roll;t1A_energy_total_counts;t1A_energy_peak_channel;t1A_energy_peak_counts;t1A_energy_weighted_mean_channel;t1A_energy_weighted_std_channel;t1A_energy_high_channel_fraction;t1A_energy_channel_entropy;t1A_energy_roll_concentration_cv;t1A_energy_anode_balance_cv;t1B_src_std_roll_counts;t1B_src_peak_to_median_roll;t1B_src_roll_entropy;t1B_src_roll_smoothness;t2_lc_mean_rate;t2_lc_std_rate;t2_lc_rate_cv;t2_lc_peak_to_median_rate;t2_lc_duration;t2_det_lc_rate_balance_cv;t2_det_pha_centroid_spread;t3_wr_mean_count_rate;t3_wr_std_count_rate;t3_wr_modulation_depth;t3_wr_coefficient_of_variation;t3_wr_peak_roll_angle;t3_wr_valley_roll_angle;t3_wr_peak_to_median_ratio;t3_wr_curve_entropy;t3_wr_curve_smoothness;t3_wr_error_mean;t3_wr_error_std;t3_wr_signal_to_error_ratio;t1B_src_roll_smoothness_norm;t3_wr_curve_smoothness_norm;t1A_exp_max_to_min_roll
D:\ISROtrial\Polix_L2_full_archive\final_project_outputs\02_feature_engineering\polix_matrix_v2_A_primary_final_chain.csv,C9031C30B8BD05CED089ED7B863B4BB9E189BC04F17075BD99CAB0F8B05ED6C4,25,9,observation_id;t1A_exp_uniformity_cv;t1A_exp_max_to_min_roll;t1A_energy_peak_channel;t1A_energy_weighted_mean_channel;t1A_energy_weighted_std_channel;t1A_energy_high_channel_fraction;t1A_energy_channel_entropy;t1A_energy_anode_balance_cv
D:\ISROtrial\Polix_L2_full_archive\final_project_outputs\02_feature_engineering\polix_matrix_v2_B_primary_plus_source_diag.csv,21411E20D55C94704E6E26FC87A3570CBD9B3A8CECF8E2930FE9954DB5F723C8,25,12,observation_id;t1A_exp_uniformity_cv;t1A_exp_max_to_min_roll;t1A_energy_peak_channel;t1A_energy_weighted_mean_channel;t1A_energy_weighted_std_channel;t1A_energy_high_channel_fraction;t1A_energy_channel_entropy;t1A_energy_anode_balance_cv;t1B_src_peak_to_median_roll;t1B_src_roll_entropy;t1B_src_roll_smoothness_norm
D:\ISROtrial\Polix_L2_full_archive\final_project_outputs\02_feature_engineering\polix_matrix_v2_C_primary_plus_supporting.csv,3936E1B0AAF44ACFF39597BEFEC1B466A26511123655946F8829A4E6263DB0FA,25,16,observation_id;t1A_exp_uniformity_cv;t1A_exp_max_to_min_roll;t1A_energy_peak_channel;t1A_energy_weighted_mean_channel;t1A_energy_weighted_std_channel;t1A_energy_high_channel_fraction;t1A_energy_channel_entropy;t1A_energy_anode_balance_cv;t1B_src_peak_to_median_roll;t1B_src_roll_entropy;t1B_src_roll_smoothness_norm;t2_lc_rate_cv;t2_lc_peak_to_median_rate;t2_det_lc_rate_balance_cv;t2_det_pha_centroid_spread
D:\ISROtrial\Polix_L2_full_archive\final_project_outputs\02_feature_engineering\polix_matrix_v2_WR_weightedroll_diagnostic.csv,B8A49EE9FB205C607B160CAB19DFFCEBFC187DD256757421C590AF3987B811DB,25,7,observation_id;t3_wr_modulation_depth;t3_wr_coefficient_of_variation;t3_wr_peak_to_median_ratio;t3_wr_curve_smoothness_norm;t3_wr_error_mean;t3_wr_signal_to_error_ratio
D:\ISROtrial\Polix_L2_full_archive\final_project_outputs\03_ml_xai_results\v2_anomaly_feature_drivers.csv,5BEDDA6ED37559F409B413619003AD9261D311C07643D60B3FD3A97BBBA52CBF,120,7,observation_id;matrix;rank;feature;value;z_score;abs_z_score
D:\ISROtrial\Polix_L2_full_archive\final_project_outputs\03_ml_xai_results\v2_compact_anomaly_explanations.csv,7A95F2F0600A921B9C6470DAA3DC345F1FDCE47D8B7F6E93F2C8DE37D0FF1FA0,6,7,observation_id;total_flags;pca_flags;isolation_flags;kmeans_small_cluster_flags;top_feature_drivers;top_product_families
D:\ISROtrial\Polix_L2_full_archive\final_project_outputs\03_ml_xai_results\v2_consensus_anomaly_table.csv,46A6CBB2458CF9517BAEA17CF89EF838D5A517F3FF9DFEB7E220808DFA6276CB,11,6,observation_id;total_flags;pca_flags;isolation_flags;kmeans_small_cluster_flags;flag_sources
D:\ISROtrial\Polix_L2_full_archive\final_project_outputs\03_ml_xai_results\v2_final_primary_unsupervised_xai_explanations.csv,849AC208B92157C08130EDFECE4A1C34EF2BB897E86A256478499F5E55BF82A5,6,9,observation_id;primary_model_matrix;strongest_primary_xai_feature;strongest_primary_product_family;primary_xai_score;primary_top_features;primary_product_family_evidence;weightedroll_diagnostic_support;final_unsupervised_xai_explanation
D:\ISROtrial\Polix_L2_full_archive\final_project_outputs\03_ml_xai_results\v2_matrix_analysis_summary.csv,278B1AA9D3A53726DF3D2B8794C578EC75C4E744C30BAEF68A485A1BAE84A626,4,9,matrix;n_features;pca_var_PC1;pca_var_PC2;pca_var_PC1_PC2;best_k_by_silhouette;best_silhouette;top_pca_obs;top_iso_obs
D:\ISROtrial\Polix_L2_full_archive\final_project_outputs\03_ml_xai_results\v2_pca_all_feature_loadings.csv,9B21F78CC0C5F46E86D6D591A4F5AEB25CBD891D4EC4C1FB77CB7AA15A340B1E,80,6,matrix;principal_component;feature;loading;abs_loading;explained_variance_ratio
D:\ISROtrial\Polix_L2_full_archive\final_project_outputs\03_ml_xai_results\v2_pca_top_feature_loadings.csv,9D6FBAAF2951502E752406EE512C1B137BCD47E120D129C0F26C29A76142723E,40,6,matrix;principal_component;feature;loading;abs_loading;explained_variance_ratio
D:\ISROtrial\Polix_L2_full_archive\final_project_outputs\03_ml_xai_results\v2_unsupervised_xai_faithfulness_test.csv,5C517A8D0C308739FB6B406E0453584EC96B8079AB8D083A459C37010967885A,6,11,observation_id;neutralized_top_xai_features;original_pca_distance;new_pca_distance;pca_distance_reduction;original_kmeans_distance;new_kmeans_distance;kmeans_distance_reduction;original_isolation_score;new_isolation_score;isolation_score_reduction
D:\ISROtrial\Polix_L2_full_archive\final_project_outputs\03_ml_xai_results\v2_unsupervised_xai_faithfulness_verdict.csv,EDEFB08DCEF5DCF71EB9C3FCDBE6C01EBF1EE94802977D11B356EE4D38493B6F,6,16,observation_id;neutralized_top_xai_features;original_pca_distance;new_pca_distance;pca_distance_reduction;original_kmeans_distance;new_kmeans_distance;kmeans_distance_reduction;original_isolation_score;new_isolation_score;isolation_score_reduction;pca_pass;isolation_pass;kmeans_pass;overall_xai_faithfulness;interpretation
D:\ISROtrial\Polix_L2_full_archive\final_project_outputs\04_polarimetry_results\path2_all_observations_fractional_qu_vectors.csv,115811A3170B29774F3172093489530E2CBA75A4339CBB0475B535CCD859E28E,25,33,observation_id;proposal_id;observation_role;target_name;raw_modulation_percent;raw_modulation_percent_error;modulation_phase_deg;modulation_phase_error_deg;fit_quality;raw_modulation_level;is_xai_consensus_anomaly;total_flags;path2_priority;amplitude_snr;reduced_chi2;strongest_primary_xai_feature;strongest_primary_product_family;overall_xai_faithfulness;pd_pa_status;priority_rank;use_for_source_modulation_analysis;use_for_blank_sky_background_model;metadata_status;C_mean_level;Q_cos2_coeff;U_sin2_coeff;Q_error;U_error;C_error;q_frac;u_frac;q_percent;u_percent
D:\ISROtrial\Polix_L2_full_archive\final_project_outputs\04_polarimetry_results\path2_blank_sky_modulation_baseline.csv,67CD737FA57545AA75B731121222B53A77F1413774DEA67C91B67FDB5A72E964,2,12,baseline_set;n_observations;mean_raw_modulation_percent;median_raw_modulation_percent;std_raw_modulation_percent;q25_raw_modulation_percent;q75_raw_modulation_percent;min_raw_modulation_percent;max_raw_modulation_percent;weighted_mean_raw_modulation_percent;weighted_std_raw_modulation_percent;circular_mean_phase_deg
D:\ISROtrial\Polix_L2_full_archive\final_project_outputs\04_polarimetry_results\path2_final_polarization_xai_result_table_with_roles.csv,FF9262A0069DD00C0234F2D08FC16018519459831FF92EC073EFCE8A1ACBCF11,25,23,observation_id;proposal_id;observation_role;target_name;raw_modulation_percent;raw_modulation_percent_error;modulation_phase_deg;modulation_phase_error_deg;fit_quality;raw_modulation_level;is_xai_consensus_anomaly;total_flags;path2_priority;amplitude_snr;reduced_chi2;strongest_primary_xai_feature;strongest_primary_product_family;overall_xai_faithfulness;pd_pa_status;priority_rank;use_for_source_modulation_analysis;use_for_blank_sky_background_model;metadata_status
D:\ISROtrial\Polix_L2_full_archive\final_project_outputs\04_polarimetry_results\path2_final_source_only_pd_pa_candidate_table.csv,80013BFB0F5AF3031EB848A43B2BE363D51E0AF608825DE67AC9F0567FB78BF1,10,26,observation_id;proposal_id;target_name;fit_quality;raw_modulation_percent;raw_modulation_percent_error;modulation_phase_deg;modulation_phase_error_deg;amplitude_snr;reduced_chi2;blank_sky_baseline_mean_percent;blank_sky_baseline_std_percent;source_vs_blank_z;source_modulation_vs_blank_status;background_relative_modulation_percent;background_relative_phase_deg;background_relative_vector_distance;background_relative_vector_status;is_xai_consensus_anomaly;total_flags;strongest_primary_xai_feature;strongest_primary_product_family;overall_xai_faithfulness;pd_pa_candidate_status;source_priority_rank;final_source_interpretation
D:\ISROtrial\Polix_L2_full_archive\final_project_outputs\04_polarimetry_results\path2_final_target_level_summary.csv,246A1369604F18307C9200F351C0B8FC39B98C60BCB50FFE27D54AC7EF77045A,8,8,target_name;n_observations;best_background_relative_vector_distance;mean_raw_modulation_percent;max_raw_modulation_percent;has_xai_anomaly;best_status;best_pd_pa_candidate_status
D:\ISROtrial\Polix_L2_full_archive\final_project_outputs\04_polarimetry_results\path2_pd_pa_calibration_candidate_files.csv,D950A4C8E26278C2B66F34BC5B74F50F24ED755323A6E87BBE04FF5FC73FC597,25,4,filename;suffix;size_kb;relative_path
D:\ISROtrial\Polix_L2_full_archive\final_project_outputs\04_polarimetry_results\path2_pd_pa_calibration_fits_header_matches.csv,01BA4719C80B6FE911B091A7C05124B64EEECE964E09C058EF8F9805DACA546B,0,0,EMPTY_FILE
D:\ISROtrial\Polix_L2_full_archive\final_project_outputs\04_polarimetry_results\path2_pd_pa_calibration_text_matches.csv,01BA4719C80B6FE911B091A7C05124B64EEECE964E09C058EF8F9805DACA546B,0,0,EMPTY_FILE
D:\ISROtrial\Polix_L2_full_archive\final_project_outputs\04_polarimetry_results\path2_pd_proxy_sensitivity_table.csv,75258D8BFE58F6D42994AB4EFFD12178E2B259A830F1DE7B77B7050904455E26,10,33,observation_id;proposal_id;target_name;fit_quality;raw_modulation_percent;raw_modulation_percent_error;modulation_phase_deg;modulation_phase_error_deg;background_relative_modulation_percent;background_relative_phase_deg;background_relative_vector_distance;background_relative_vector_status;is_xai_consensus_anomaly;total_flags;pd_pa_candidate_status;raw_pd_proxy_mu40_percent;raw_pd_proxy_mu40_error_percent;background_relative_pd_proxy_mu40_percent;raw_pd_proxy_mu42_percent;raw_pd_proxy_mu42_error_percent;background_relative_pd_proxy_mu42_percent;raw_pd_proxy_mu44_percent;raw_pd_proxy_mu44_error_percent;background_relative_pd_proxy_mu44_percent;selected_proxy_mu100;selected_raw_pd_proxy_percent;selected_raw_pd_proxy_error_percent;selected_background_relative_pd_proxy_percent;reported_angle_value_deg;reported_angle_type;pa_conversion_status;mu100_status;pd_proxy_interpretation
D:\ISROtrial\Polix_L2_full_archive\final_project_outputs\04_polarimetry_results\path2_source_background_relative_modulation_vector_proxy.csv,3A51CEB00467C3E9C599DFBDB8650A201980D94D0231E84C0420A15AC6193559,10,16,observation_id;proposal_id;target_name;raw_modulation_percent;modulation_phase_deg;fit_quality;q_percent;u_percent;background_relative_modulation_percent;background_relative_phase_deg;background_relative_vector_distance;background_relative_vector_status;is_xai_consensus_anomaly;total_flags;strongest_primary_xai_feature;strongest_primary_product_family
D:\ISROtrial\Polix_L2_full_archive\final_project_outputs\04_polarimetry_results\path2_source_vs_blank_sky_modulation_comparison.csv,863D3B919721E44A902115C009F1DF5BA321B15D1FDED1651C2FFB58F5FD5437,10,28,observation_id;proposal_id;observation_role;target_name;raw_modulation_percent;raw_modulation_percent_error;modulation_phase_deg;modulation_phase_error_deg;fit_quality;raw_modulation_level;is_xai_consensus_anomaly;total_flags;path2_priority;amplitude_snr;reduced_chi2;strongest_primary_xai_feature;strongest_primary_product_family;overall_xai_faithfulness;pd_pa_status;priority_rank;use_for_source_modulation_analysis;use_for_blank_sky_background_model;metadata_status;blank_sky_baseline_mean_percent;blank_sky_baseline_std_percent;source_minus_blank_mean_percent;source_vs_blank_z;source_modulation_vs_blank_status
D:\ISROtrial\Polix_L2_full_archive\final_project_outputs\04_polarimetry_results\polarization_product_audit.csv,2B2AE4BD40155A22F20F65B6C84C951FDE8E92CF6B5A78358E8A5EF16AD39DE9,25,18,observation_folder;observation_id;weighted_roll_exists;weighted_roll_file;src_azimuth_roll_exists;src_azimuth_roll_file;exp_azimuth_roll_exists;exp_azimuth_roll_file;energyres_src_azimuth_roll_exists;energyres_src_azimuth_roll_file;event_source_lc_exists;event_source_lc_file;event_source_pha_exists;event_source_pha_file;background_lc_exists;background_lc_file;background_pha_exists;background_pha_file
D:\ISROtrial\Polix_L2_full_archive\final_project_outputs\04_polarimetry_results\polix_weightedroll_raw_modulation_fits.csv,0904F151095CBBBE30B2F9CB163E38B6E0B97788627964461C1D707F0A3CEC86,25,23,observation_id;observation_folder;weightedroll_file;C_mean_level;C_error;Q_cos2_coeff;Q_error;U_sin2_coeff;U_error;modulation_amplitude;modulation_amplitude_error;raw_modulation_fraction;raw_modulation_percent;raw_modulation_fraction_error;raw_modulation_percent_error;modulation_phase_deg;modulation_phase_error_deg;amplitude_snr;chi2;dof;reduced_chi2;n_points;safe_interpretation
