notebook,path,sha256,total_cells,code_cells,relevant_cell_indices_zero_based
01_WeightedRoll_Exploration.ipynb,D:\ISROtrial\Polix_L2_full_archive\01_WeightedRoll_Exploration.ipynb,CA2366EB1F2C830AD9CA50059AB9E3CE8268D9635A9982CDEF48C29E5F622F74,13,8,0;2;11;12
02_Primary_POLIX_Products_Inspection.ipynb,D:\ISROtrial\Polix_L2_full_archive\02_Primary_POLIX_Products_Inspection.ipynb,E8BF3116719BAF1F29A0F45C31243EFC8D9D2F17C2A36B029C9CE72AB91479A1,32,25,0;5;8;16;17;30
03_Observation_Feature_Table.ipynb,D:\ISROtrial\Polix_L2_full_archive\03_Observation_Feature_Table.ipynb,46FA15AE0AB7472561ED2905140DB9531F69C3E9C913BD5530E5152BE386FAE3,13,13,2;4
04_Exploratory_Data_Analysis.ipynb,D:\ISROtrial\Polix_L2_full_archive\04_Exploratory_Data_Analysis.ipynb,9D3870E24E0C61E7722503719390AF436623F218CC39CF119F52F2531A58ABD8,10,10,7
05_PCA_and_Structure_Discovery.ipynb,D:\ISROtrial\Polix_L2_full_archive\05_PCA_and_Structure_Discovery.ipynb,933CC92CD044C929352C66DF517F6031A3BE72508E13CDCD2C7AE6E80B6DCC7F,14,14,0;1;2;3;4;5;6;7;8;11;12
06_Unsupervised_Analysis.ipynb,D:\ISROtrial\Polix_L2_full_archive\06_Unsupervised_Analysis.ipynb,40B4D545521228EA9AF82077DE5571237D826F0D79B85DBF43A6ADF952EE47CD,12,12,0;1;2;3;4;6;8;10
07_Result_Interpretation_and_Visualization.ipynb,D:\ISROtrial\Polix_L2_full_archive\07_Result_Interpretation_and_Visualization.ipynb,74FA07CB6E984E8EBBB1FE0800A94294A93ED5DD623AF745882749B3BB70A532,10,10,1;2;3;6
08_Feature_Set_V2_Product_Tier_Engineering.ipynb,D:\ISROtrial\Polix_L2_full_archive\08_Feature_Set_V2_Product_Tier_Engineering.ipynb,D83C1ADE91B3B61E9783B275692A5965B85D7874342C7BDD2E4645450956190F,11,11,1;2;3;5;7;9
09_V2_Matrix_Audit_and_Unsupervised_Analysis.ipynb,D:\ISROtrial\Polix_L2_full_archive\09_V2_Matrix_Audit_and_Unsupervised_Analysis.ipynb,57FE81B243A55FB78C349543946FE01485F9406AF2F6B7EA6AB585C92EC93F1D,16,16,0;1;2;4;5;6;7;9;11;12;13
10_Unsupervised_XAI_Model_Explanations.ipynb,D:\ISROtrial\Polix_L2_full_archive\10_Unsupervised_XAI_Model_Explanations.ipynb,0F93867D8A565ABCFD7D880D10059ED11C180A850ED19A8593A2CC9926448304,9,9,0;1;2;3;4;5;6;7
11_POLIX_Polarization_Parameter_Analysis.ipynb,D:\ISROtrial\Polix_L2_full_archive\11_POLIX_Polarization_Parameter_Analysis.ipynb,90D7AE3DC2DADD28924FC9BBDF5AFC302C9B5022C6DA6FEB87D1EF78B2657086,23,23,1;2;3;4;5;6;7;8;9;10;11;12;13;14;15;16;17;18;19;20;21
