contamination,expected_fraction_of_25,observation_id,anomaly_score,anomaly_rank,flagged
0.12,3.0,X01_PLX_C24_0001_000000,0.4283147322176883,17.0,False
0.12,3.0,X01_PLX_C24_0002_000000,0.4183935006321447,19.0,False
0.12,3.0,X01_PLX_C24_0007_000000,0.4492285855441128,12.0,False
0.12,3.0,X01_PLX_C24_0008_000000,0.4715202009373477,10.0,False
0.12,3.0,X01_PLX_C24_0009_000000,0.41966357029919055,18.0,False
0.12,3.0,X01_PLX_C24_0010_000000,0.5176113060335773,4.0,False
0.12,3.0,X01_PLX_C24_0014_000000,0.39731378007072365,24.0,False
0.12,3.0,X01_PLX_C24_0015_000000,0.40400781370070626,22.0,False
0.12,3.0,X01_PLX_C24_0018_000000,0.6159638748895813,1.0,True
0.12,3.0,X01_PLX_C24_0019_000000,0.41654908756839826,20.0,False
0.12,3.0,X01_PLX_C24_0020_000000,0.5130101592565997,5.0,False
0.12,3.0,X01_PLX_C24_0021_000000,0.47382597918745,9.0,False
0.12,3.0,X01_PLX_C24_0022_000000,0.44876286357895273,13.0,False
0.12,3.0,X01_PLX_C24_0023_000000,0.39628011328147733,25.0,False
0.12,3.0,X01_PLX_C24_0024_000000,0.40280495905515656,23.0,False
0.12,3.0,X01_PLX_C24_0026_000000,0.44152767095407325,14.0,False
0.12,3.0,X01_PLX_G01_0002_000000,0.4298958353035458,16.0,False
0.12,3.0,X01_PLX_G01_0003_000000,0.5723081972655861,3.0,True
0.12,3.0,X01_PLX_G01_0004_000000,0.44964589158948065,11.0,False
0.12,3.0,X01_PLX_G01_0005_000000,0.4106081986523583,21.0,False
0.12,3.0,X01_PLX_G01_0006_000000,0.5935161327457337,2.0,True
0.12,3.0,X01_PLX_P01_0005_000000,0.5046556277000658,6.0,False
0.12,3.0,X01_PLX_T24_0001_000000,0.43235939574201154,15.0,False
0.12,3.0,X01_PLX_T24_0002_000000,0.47822943363741227,7.0,False
0.12,3.0,X01_PLX_T24_0007_000000,0.4782181036399174,8.0,False
0.16,4.0,X01_PLX_C24_0001_000000,0.4283147322176883,17.0,False
0.16,4.0,X01_PLX_C24_0002_000000,0.4183935006321447,19.0,False
0.16,4.0,X01_PLX_C24_0007_000000,0.4492285855441128,12.0,False
0.16,4.0,X01_PLX_C24_0008_000000,0.4715202009373477,10.0,False
0.16,4.0,X01_PLX_C24_0009_000000,0.41966357029919055,18.0,False
0.16,4.0,X01_PLX_C24_0010_000000,0.5176113060335773,4.0,True
0.16,4.0,X01_PLX_C24_0014_000000,0.39731378007072365,24.0,False
0.16,4.0,X01_PLX_C24_0015_000000,0.40400781370070626,22.0,False
0.16,4.0,X01_PLX_C24_0018_000000,0.6159638748895813,1.0,True
0.16,4.0,X01_PLX_C24_0019_000000,0.41654908756839826,20.0,False
0.16,4.0,X01_PLX_C24_0020_000000,0.5130101592565997,5.0,False
0.16,4.0,X01_PLX_C24_0021_000000,0.47382597918745,9.0,False
0.16,4.0,X01_PLX_C24_0022_000000,0.44876286357895273,13.0,False
0.16,4.0,X01_PLX_C24_0023_000000,0.39628011328147733,25.0,False
0.16,4.0,X01_PLX_C24_0024_000000,0.40280495905515656,23.0,False
0.16,4.0,X01_PLX_C24_0026_000000,0.44152767095407325,14.0,False
0.16,4.0,X01_PLX_G01_0002_000000,0.4298958353035458,16.0,False
0.16,4.0,X01_PLX_G01_0003_000000,0.5723081972655861,3.0,True
0.16,4.0,X01_PLX_G01_0004_000000,0.44964589158948065,11.0,False
0.16,4.0,X01_PLX_G01_0005_000000,0.4106081986523583,21.0,False
0.16,4.0,X01_PLX_G01_0006_000000,0.5935161327457337,2.0,True
0.16,4.0,X01_PLX_P01_0005_000000,0.5046556277000658,6.0,False
0.16,4.0,X01_PLX_T24_0001_000000,0.43235939574201154,15.0,False
0.16,4.0,X01_PLX_T24_0002_000000,0.47822943363741227,7.0,False
0.16,4.0,X01_PLX_T24_0007_000000,0.4782181036399174,8.0,False
0.2,5.0,X01_PLX_C24_0001_000000,0.4283147322176883,17.0,False
0.2,5.0,X01_PLX_C24_0002_000000,0.4183935006321447,19.0,False
0.2,5.0,X01_PLX_C24_0007_000000,0.4492285855441128,12.0,False
0.2,5.0,X01_PLX_C24_0008_000000,0.4715202009373477,10.0,False
0.2,5.0,X01_PLX_C24_0009_000000,0.41966357029919055,18.0,False
0.2,5.0,X01_PLX_C24_0010_000000,0.5176113060335773,4.0,True
0.2,5.0,X01_PLX_C24_0014_000000,0.39731378007072365,24.0,False
0.2,5.0,X01_PLX_C24_0015_000000,0.40400781370070626,22.0,False
0.2,5.0,X01_PLX_C24_0018_000000,0.6159638748895813,1.0,True
0.2,5.0,X01_PLX_C24_0019_000000,0.41654908756839826,20.0,False
0.2,5.0,X01_PLX_C24_0020_000000,0.5130101592565997,5.0,True
0.2,5.0,X01_PLX_C24_0021_000000,0.47382597918745,9.0,False
0.2,5.0,X01_PLX_C24_0022_000000,0.44876286357895273,13.0,False
0.2,5.0,X01_PLX_C24_0023_000000,0.39628011328147733,25.0,False
0.2,5.0,X01_PLX_C24_0024_000000,0.40280495905515656,23.0,False
0.2,5.0,X01_PLX_C24_0026_000000,0.44152767095407325,14.0,False
0.2,5.0,X01_PLX_G01_0002_000000,0.4298958353035458,16.0,False
0.2,5.0,X01_PLX_G01_0003_000000,0.5723081972655861,3.0,True
0.2,5.0,X01_PLX_G01_0004_000000,0.44964589158948065,11.0,False
0.2,5.0,X01_PLX_G01_0005_000000,0.4106081986523583,21.0,False
0.2,5.0,X01_PLX_G01_0006_000000,0.5935161327457337,2.0,True
0.2,5.0,X01_PLX_P01_0005_000000,0.5046556277000658,6.0,False
0.2,5.0,X01_PLX_T24_0001_000000,0.43235939574201154,15.0,False
0.2,5.0,X01_PLX_T24_0002_000000,0.47822943363741227,7.0,False
0.2,5.0,X01_PLX_T24_0007_000000,0.4782181036399174,8.0,False
0.24,6.0,X01_PLX_C24_0001_000000,0.4283147322176883,17.0,False
0.24,6.0,X01_PLX_C24_0002_000000,0.4183935006321447,19.0,False
0.24,6.0,X01_PLX_C24_0007_000000,0.4492285855441128,12.0,False
0.24,6.0,X01_PLX_C24_0008_000000,0.4715202009373477,10.0,False
0.24,6.0,X01_PLX_C24_0009_000000,0.41966357029919055,18.0,False
0.24,6.0,X01_PLX_C24_0010_000000,0.5176113060335773,4.0,True
0.24,6.0,X01_PLX_C24_0014_000000,0.39731378007072365,24.0,False
0.24,6.0,X01_PLX_C24_0015_000000,0.40400781370070626,22.0,False
0.24,6.0,X01_PLX_C24_0018_000000,0.6159638748895813,1.0,True
0.24,6.0,X01_PLX_C24_0019_000000,0.41654908756839826,20.0,False
0.24,6.0,X01_PLX_C24_0020_000000,0.5130101592565997,5.0,True
0.24,6.0,X01_PLX_C24_0021_000000,0.47382597918745,9.0,False
0.24,6.0,X01_PLX_C24_0022_000000,0.44876286357895273,13.0,False
0.24,6.0,X01_PLX_C24_0023_000000,0.39628011328147733,25.0,False
0.24,6.0,X01_PLX_C24_0024_000000,0.40280495905515656,23.0,False
0.24,6.0,X01_PLX_C24_0026_000000,0.44152767095407325,14.0,False
0.24,6.0,X01_PLX_G01_0002_000000,0.4298958353035458,16.0,False
0.24,6.0,X01_PLX_G01_0003_000000,0.5723081972655861,3.0,True
0.24,6.0,X01_PLX_G01_0004_000000,0.44964589158948065,11.0,False
0.24,6.0,X01_PLX_G01_0005_000000,0.4106081986523583,21.0,False
0.24,6.0,X01_PLX_G01_0006_000000,0.5935161327457337,2.0,True
0.24,6.0,X01_PLX_P01_0005_000000,0.5046556277000658,6.0,True
0.24,6.0,X01_PLX_T24_0001_000000,0.43235939574201154,15.0,False
0.24,6.0,X01_PLX_T24_0002_000000,0.47822943363741227,7.0,False
0.24,6.0,X01_PLX_T24_0007_000000,0.4782181036399174,8.0,False
