observation_id,settings_evaluated,settings_flagged,flag_frequency,best_rank,worst_rank
X01_PLX_C24_0018_000000,4,4,1.0,1.0,1.0
X01_PLX_G01_0006_000000,4,4,1.0,2.0,2.0
X01_PLX_G01_0003_000000,4,4,1.0,3.0,3.0
X01_PLX_C24_0010_000000,4,3,0.75,4.0,4.0
X01_PLX_C24_0020_000000,4,2,0.5,5.0,5.0
X01_PLX_P01_0005_000000,4,1,0.25,6.0,6.0
X01_PLX_T24_0002_000000,4,0,0.0,7.0,7.0
X01_PLX_T24_0007_000000,4,0,0.0,8.0,8.0
X01_PLX_C24_0021_000000,4,0,0.0,9.0,9.0
X01_PLX_C24_0008_000000,4,0,0.0,10.0,10.0
X01_PLX_G01_0004_000000,4,0,0.0,11.0,11.0
X01_PLX_C24_0007_000000,4,0,0.0,12.0,12.0
X01_PLX_C24_0022_000000,4,0,0.0,13.0,13.0
X01_PLX_C24_0026_000000,4,0,0.0,14.0,14.0
X01_PLX_T24_0001_000000,4,0,0.0,15.0,15.0
X01_PLX_G01_0002_000000,4,0,0.0,16.0,16.0
X01_PLX_C24_0001_000000,4,0,0.0,17.0,17.0
X01_PLX_C24_0009_000000,4,0,0.0,18.0,18.0
X01_PLX_C24_0002_000000,4,0,0.0,19.0,19.0
X01_PLX_C24_0019_000000,4,0,0.0,20.0,20.0
X01_PLX_G01_0005_000000,4,0,0.0,21.0,21.0
X01_PLX_C24_0015_000000,4,0,0.0,22.0,22.0
X01_PLX_C24_0024_000000,4,0,0.0,23.0,23.0
X01_PLX_C24_0014_000000,4,0,0.0,24.0,24.0
X01_PLX_C24_0023_000000,4,0,0.0,25.0,25.0
