observation_id,prediction,rank,feature,combined_xai_score,z_score,pca_contribution,kmeans_contribution,isolation_contribution
X01_PLX_C24_0001_000000,Normal,1,t1B_src_roll_smoothness_norm,3.1335713824101052,-1.1907818585933263,0.20677003356198181,0.4503867437567977,0.0026173944602307375
X01_PLX_C24_0001_000000,Normal,2,t2_det_pha_centroid_spread,2.8473037995479564,-0.987118421595437,0.035292013983445475,0.6992388247469686,0.004532833509008183
X01_PLX_C24_0001_000000,Normal,3,t2_det_lc_rate_balance_cv,1.7489483972513074,-1.1305660963407789,0.16202603615804856,0.011126032390151676,-0.000987022232871393
X01_PLX_C24_0001_000000,Normal,4,t1A_energy_weighted_std_channel,1.746048466111232,-0.4111821127610568,0.06085280299999146,0.07442859161653417,0.005347499803874944
X01_PLX_C24_0001_000000,Normal,5,t1A_energy_anode_balance_cv,1.6660976453889558,-1.0974453589982818,0.1520704320195836,0.006309481011623934,-0.0036317356226504005
X01_PLX_C24_0002_000000,Normal,1,t2_det_pha_centroid_spread,3.2749021599315506,-1.2578779881989912,0.04497236256338575,1.2253705817950389,0.0036785668130834837
X01_PLX_C24_0002_000000,Normal,2,t2_det_lc_rate_balance_cv,1.9185475876275162,-1.1415073212457623,0.1635940677024279,0.013553903804962759,-0.00019917585298839802
X01_PLX_C24_0002_000000,Normal,3,t1A_energy_anode_balance_cv,1.8165039557481695,-1.1027031845903328,0.15279899659249013,0.007172407487415968,-0.002853369480210477
X01_PLX_C24_0002_000000,Normal,4,t1A_exp_max_to_min_roll,1.2648627958752168,-0.31984263043487815,0.062248704665939396,0.22503763080805841,0.001642242726891896
X01_PLX_C24_0002_000000,Normal,5,t1B_src_roll_entropy,1.172530829004946,-0.28776738423088094,0.052224806641431865,0.7652741000094276,0.0
X01_PLX_C24_0007_000000,Normal,1,t1B_src_peak_to_median_roll,3.249192696060581,-1.281063291788229,0.24875114795792175,0.24420338032499633,0.007354577512065585
X01_PLX_C24_0007_000000,Normal,2,t1B_src_roll_entropy,2.8682727254843563,1.1287376391180983,0.20484637308498402,0.2934449143951621,0.005515741845842248
X01_PLX_C24_0007_000000,Normal,3,t1A_exp_uniformity_cv,2.619011979236129,-1.270127932070412,0.24904328531737102,0.30505391370502155,-0.0008984235393162954
X01_PLX_C24_0007_000000,Normal,4,t1A_exp_max_to_min_roll,2.5634381988978925,-1.2713807161466872,0.2474398194192547,0.22767858505629007,0.001072327422570185
X01_PLX_C24_0007_000000,Normal,5,t2_lc_rate_cv,2.319500159887064,-0.8633633316071829,0.09777929333149664,0.12295414245551525,0.009832354901533558
X01_PLX_C24_0008_000000,Normal,1,t1B_src_roll_entropy,3.4806141269519393,-2.04842241410542,0.3717532644728073,1.2986952171858441,0.029034243557859996
X01_PLX_C24_0008_000000,Normal,2,t1A_energy_weighted_std_channel,3.0213779136375205,-1.5637756171198487,0.2314306158061963,2.7021578109286652,0.018449369834075746
X01_PLX_C24_0008_000000,Normal,3,t1A_energy_high_channel_fraction,2.241465511974126,-1.1651184067202893,0.2166869538875429,2.2819715656785586,0.0071220767666605456
X01_PLX_C24_0008_000000,Normal,4,t1A_exp_uniformity_cv,1.6394065281608112,1.2322269323317772,0.241611758733796,0.06461727476238804,0.010569017262170965
X01_PLX_C24_0008_000000,Normal,5,t1A_energy_anode_balance_cv,1.5535365912757861,-0.8918651945857148,0.12358367032293585,1.8982591152637691,0.002416031673818597
X01_PLX_C24_0009_000000,Normal,1,t2_det_pha_centroid_spread,3.171211259646408,-1.1914256115165336,0.04259651975080814,1.9971440888974874,0.008721823434733822
X01_PLX_C24_0009_000000,Normal,2,t1A_energy_anode_balance_cv,2.9650951358887347,-0.9503180484708739,0.13168334532744572,2.062745407771378,0.004708597284067417
X01_PLX_C24_0009_000000,Normal,3,t2_det_lc_rate_balance_cv,2.2311202780855117,-0.8671443403611455,0.12427399043748802,1.8791859931451793,-0.0011193229902582424
X01_PLX_C24_0009_000000,Normal,4,t1A_exp_max_to_min_roll,2.175131298967306,1.0780869362469585,0.20982042077192162,0.012389216780962291,0.0023047744751719113
X01_PLX_C24_0009_000000,Normal,5,t1B_src_peak_to_median_roll,1.9682490839039244,0.9333529509340535,0.18123430706586804,0.0008859844197349454,0.002796815865308111
X01_PLX_C24_0010_000000,Anomaly,1,t1B_src_roll_smoothness_norm,3.894027808605553,2.2374855803580878,0.38852201619162724,2.170449048000417,0.03034007012393941
X01_PLX_C24_0010_000000,Anomaly,2,t1B_src_peak_to_median_roll,3.4384709211600266,2.237752765458157,0.43451683677292396,1.6246926601932385,0.020932206838012335
X01_PLX_C24_0010_000000,Anomaly,3,t1A_exp_max_to_min_roll,3.3551376594725193,2.1723552662278744,0.4227901115403376,1.4534115354254769,0.02250365251293751
X01_PLX_C24_0010_000000,Anomaly,4,t1A_exp_uniformity_cv,2.4134969378074165,1.8049097724132068,0.3539018771837344,0.6837340431447761,0.014485340404449154
X01_PLX_C24_0010_000000,Anomaly,5,t1A_energy_anode_balance_cv,1.9025452918559398,-0.9302042363232571,0.12889622150595476,2.005374009292388,0.008078698476248425
X01_PLX_C24_0014_000000,Normal,1,t1B_src_roll_entropy,2.356958051102051,0.16188557069914108,0.029379433150135387,1.1464089581836663,0.0017814169079562459
X01_PLX_C24_0014_000000,Normal,2,t1A_energy_anode_balance_cv,2.2750917240166006,1.047484062179345,0.14514741218153965,0.3153676167348199,-0.0008332227384801327
X01_PLX_C24_0014_000000,Normal,3,t2_det_lc_rate_balance_cv,1.9826513803918664,0.9366971722424942,0.13424189031505981,0.187495462510682,-0.001683680927746789
X01_PLX_C24_0014_000000,Normal,4,t1A_exp_max_to_min_roll,1.4654070738641067,0.1808618919548618,0.03519986839250784,0.6176673945340421,0.0009111025544973339
X01_PLX_C24_0014_000000,Normal,5,t1B_src_peak_to_median_roll,1.0256125694785312,0.25843784822655164,0.05018230702121861,0.49657473832559945,-0.0005952219518247093
X01_PLX_C24_0015_000000,Normal,1,t1A_energy_anode_balance_cv,2.9519209482575404,1.0484529257464195,0.1452816653359268,0.3164567365068755,-0.003947793935818511
X01_PLX_C24_0015_000000,Normal,2,t2_det_lc_rate_balance_cv,2.3475859927613922,0.9292168411309002,0.13316985356896943,0.18107333947884824,-0.0046712924964508185
X01_PLX_C24_0015_000000,Normal,3,t1A_exp_uniformity_cv,1.8901968167925838,0.6429355993061989,0.126065091441381,0.11228668293330588,0.0003407529945337884
X01_PLX_C24_0015_000000,Normal,4,t1A_energy_high_channel_fraction,1.8469945079988443,0.6501289990613581,0.12091000505014143,0.09279810211741055,0.0005507113741106684
X01_PLX_C24_0015_000000,Normal,5,t1B_src_peak_to_median_roll,1.8217151124003694,0.4511699432697191,0.08760616437287276,0.2620912646872253,-0.0019466229290096004
X01_PLX_C24_0018_000000,Anomaly,1,t1A_energy_weighted_std_channel,2.9020101068722375,3.68338508180506,0.5451217351141048,0.0,0.0630070443936529
X01_PLX_C24_0018_000000,Anomaly,2,t1A_energy_high_channel_fraction,2.544842443516426,3.249521342564005,0.604341050018098,0.0,0.04175047433152068
X01_PLX_C24_0018_000000,Anomaly,3,t1A_energy_channel_entropy,2.0494694216571068,2.4488319017647697,0.43484478529145487,0.0,0.041906118276757276
X01_PLX_C24_0018_000000,Anomaly,4,t2_det_pha_centroid_spread,1.4455362286360889,-2.846827309891238,0.10178137397815985,0.0,0.03177040009003951
X01_PLX_C24_0018_000000,Anomaly,5,t1A_energy_weighted_mean_channel,1.1795354852759696,1.7057301741940614,0.2765562816528461,0.0,0.016308212978172643
X01_PLX_C24_0019_000000,Normal,1,t1A_exp_uniformity_cv,2.3516019299429605,-0.4496632107828255,0.08816875880933246,0.3202900475783495,0.008446216999132727
X01_PLX_C24_0019_000000,Normal,2,t1B_src_roll_entropy,2.2407747153587176,0.7278662966358889,0.1320951528409701,0.14940873790718676,0.0033312396177346826
X01_PLX_C24_0019_000000,Normal,3,t1A_energy_anode_balance_cv,2.1337035549817265,0.9660399385012582,0.13386189079167476,0.011800166945219166,0.0010585038285880755
X01_PLX_C24_0019_000000,Normal,4,t2_det_lc_rate_balance_cv,1.9089566630140244,0.9052964778206023,0.12974172878867374,0.0036815219102509533,-0.004371601129446401
X01_PLX_C24_0019_000000,Normal,5,t1A_energy_high_channel_fraction,1.9018228252778138,0.6961177163259549,0.12946291692569237,0.035050484257127264,0.0015980438059673974
X01_PLX_C24_0020_000000,Normal,1,t2_det_lc_rate_balance_cv,4.0,1.999963800232224,0.2866229653091768,2.2388361536289567,0.0251644357811861
X01_PLX_C24_0020_000000,Normal,2,t1A_energy_channel_entropy,2.623478599849182,1.3061951734322363,0.23194411969663886,0.7118734569741114,0.021217962137424273
X01_PLX_C24_0020_000000,Normal,3,t2_lc_rate_cv,2.300520569317058,1.1831908450813413,0.1340010172692715,1.602635859823073,0.013225506222582062
X01_PLX_C24_0020_000000,Normal,4,t1A_energy_anode_balance_cv,2.10353644048602,1.3938972257238156,0.19314907258817934,0.8244443420667706,0.00917117374276799
X01_PLX_C24_0020_000000,Normal,5,t1A_energy_weighted_mean_channel,2.0438732810965017,1.2692398071548767,0.20578649947280173,0.5683785583718802,0.01100692983555196
X01_PLX_C24_0021_000000,Normal,1,t1B_src_roll_smoothness_norm,3.8975806986586505,1.880602967204967,0.32655211854259014,1.2462636284241309,0.01770738181312359
X01_PLX_C24_0021_000000,Normal,2,t1B_src_peak_to_median_roll,3.2799305283126063,1.8736328570657945,0.36381365935184584,0.829036501225261,0.010950585672314939
X01_PLX_C24_0021_000000,Normal,3,t1A_exp_max_to_min_roll,2.778621478465885,1.659663644293891,0.3230085742415817,0.48008763698889684,0.011032450367226887
X01_PLX_C24_0021_000000,Normal,4,t1A_exp_uniformity_cv,2.4836574596938403,1.4998052851507213,0.2940778059588296,0.2722518997725054,0.011675718368423571
X01_PLX_C24_0021_000000,Normal,5,t1A_energy_high_channel_fraction,1.1244853892220559,0.8344855737211073,0.15519636115073018,0.23910572762566212,0.0011033882069749201
X01_PLX_C24_0022_000000,Normal,1,t2_lc_peak_to_median_rate,3.65314851664813,2.0121728490960047,0.2013813221481475,3.7124689889377023,0.02127349984844429
X01_PLX_C24_0022_000000,Normal,2,t1B_src_roll_smoothness_norm,2.428953998944154,1.52538461082082,0.2648712061728409,0.5793393144359039,0.013950213538997946
X01_PLX_C24_0022_000000,Normal,3,t1A_exp_max_to_min_roll,2.349401392035133,1.5842119059275763,0.30832393707576544,0.38122206262698727,0.009773055004550613
X01_PLX_C24_0022_000000,Normal,4,t1B_src_peak_to_median_roll,1.8528550307500544,1.4174844432977178,0.2752407978146102,0.20644846372544765,0.0042566332713365185
X01_PLX_C24_0022_000000,Normal,5,t1A_exp_uniformity_cv,1.295562765132702,1.137512156490675,0.22304033899884382,0.025435307574921302,-0.008926112424734234
X01_PLX_C24_0023_000000,Normal,1,t1A_energy_anode_balance_cv,2.704749227102154,1.0496472325487574,0.1454471576311981,0.31780186521753,-0.005214710170569847
X01_PLX_C24_0023_000000,Normal,2,t1A_exp_max_to_min_roll,2.5959557088806298,0.550482300227375,0.10713646921953318,0.17330383944872274,0.00041985774872044246
X01_PLX_C24_0023_000000,Normal,3,t2_det_lc_rate_balance_cv,2.1034581051574497,0.9297142628010553,0.13324114109631985,0.1814969197398688,-0.0039229394887796976
X01_PLX_C24_0023_000000,Normal,4,t1B_src_roll_entropy,2.0986035899522966,-1.08584023405577,0.19706123547883392,0.031336404803984426,-0.0018140025462058396
X01_PLX_C24_0023_000000,Normal,5,t2_det_pha_centroid_spread,1.8066414370009831,0.7726543313778725,0.027624372993956134,0.3034648722983478,-0.0003264305116125743
X01_PLX_C24_0024_000000,Normal,1,t1A_energy_anode_balance_cv,2.269615158313764,1.0515445026576717,0.14571005790477873,0.3199445958495094,-0.005806878126718984
X01_PLX_C24_0024_000000,Normal,2,t1B_src_roll_entropy,2.037495807982544,-1.0605533445165718,0.19247210207069088,0.02302321487387009,-0.0019440311078965933
X01_PLX_C24_0024_000000,Normal,3,t2_det_lc_rate_balance_cv,1.9529821566983603,0.9580679540525945,0.13730462417688027,0.20645958882886717,-0.0008831314795378908
X01_PLX_C24_0024_000000,Normal,4,t2_lc_peak_to_median_rate,1.7099197533728054,0.6039806643579705,0.06044730441272414,0.2689300440749451,0.0009713985992647056
X01_PLX_C24_0024_000000,Normal,5,t1A_exp_uniformity_cv,1.556136513054401,0.7501870262525687,0.1470946641696652,0.05191135016627375,-0.004592671047289332
X01_PLX_C24_0026_000000,Normal,1,t1B_src_roll_smoothness_norm,3.0593959511937188,-1.4239434474861141,0.24725673497820794,0.18331870004820602,0.009777081283944777
X01_PLX_C24_0026_000000,Normal,2,t1A_exp_max_to_min_roll,1.9694808923507732,-0.7576723506796149,0.14746040053158677,0.011568897441358795,0.008185884137237198
X01_PLX_C24_0026_000000,Normal,3,t1A_exp_uniformity_cv,1.824758489389682,-0.5330010399149524,0.1045094172849324,0.23290653009838427,0.009310781287129477
X01_PLX_C24_0026_000000,Normal,4,t1B_src_peak_to_median_roll,1.7951748509101009,-0.7859126369859307,0.15260500546541692,0.004388624277264396,0.006107092960158267
X01_PLX_C24_0026_000000,Normal,5,t2_lc_peak_to_median_rate,1.6481420450177073,-0.5854715802479379,0.05859488709603874,3.0863837747174916,-0.004774845987473908
X01_PLX_G01_0002_000000,Normal,1,t1B_src_peak_to_median_roll,3.0174807781923327,-0.9679311012300968,0.18794853784239413,0.03277446549798496,0.0028004981795606843
X01_PLX_G01_0002_000000,Normal,2,t1A_exp_uniformity_cv,2.802104667409386,-1.0092539569502454,0.19789181452668952,0.08493895507571837,0.0014575790987911286
X01_PLX_G01_0002_000000,Normal,3,t1A_energy_weighted_std_channel,2.7279994129061076,-0.9790360524193622,0.14489221728958276,0.08704736230480561,0.0020643511974474116
X01_PLX_G01_0002_000000,Normal,4,t1A_exp_max_to_min_roll,2.5080341105791293,-0.9592837411154936,0.18669859677662323,0.0272447365722115,0.001466824464685934
X01_PLX_G01_0002_000000,Normal,5,t1B_src_roll_entropy,1.9179643348576103,0.8680384316975049,0.15753397270471195,0.07896457053248157,-0.0006025994660849299
X01_PLX_G01_0003_000000,Anomaly,1,t2_lc_rate_cv,4.0,4.196256581009564,0.47524256371295687,10.640089548636421,0.06089189858016675
X01_PLX_G01_0003_000000,Anomaly,2,t2_lc_peak_to_median_rate,3.030829259122079,3.806515052798732,0.3809618216714444,6.944152289482495,0.04076418558044903
X01_PLX_G01_0003_000000,Anomaly,3,t1B_src_roll_entropy,1.481218726480596,1.7247735234846353,0.3130165845757442,0.3725551527327171,0.022927735777940828
X01_PLX_G01_0003_000000,Anomaly,4,t1A_exp_uniformity_cv,1.3636639142389666,-1.6148874384782483,0.31664280655634097,0.35913950587806576,0.01697631290641377
X01_PLX_G01_0003_000000,Anomaly,5,t1A_exp_max_to_min_roll,0.9714657333535834,-1.2095987771157342,0.2354156384300044,0.11858905578539654,0.010759884663424812
X01_PLX_G01_0004_000000,Normal,1,t1B_src_roll_smoothness_norm,4.0,-1.7213990088715347,0.29890758602788503,1.4441447623411279,0.01622338571496429
X01_PLX_G01_0004_000000,Normal,2,t1A_energy_weighted_std_channel,2.001199831313559,-1.3231722083519433,0.19582256919987892,0.4085434734921968,0.004778029262412886
X01_PLX_G01_0004_000000,Normal,3,t1A_energy_high_channel_fraction,1.592851199391735,-1.1992438708586441,0.22303355594231064,0.12054193236024487,0.0010796886019663887
X01_PLX_G01_0004_000000,Normal,4,t1B_src_roll_entropy,1.5700463418471127,1.1055903487287058,0.2006455399430001,0.26890267961358333,0.0011408097064726785
X01_PLX_G01_0004_000000,Normal,5,t1A_exp_uniformity_cv,1.4848732334952643,-1.1068075738537915,0.2170198666187716,0.15131827830445868,0.00017974753439958802
X01_PLX_G01_0005_000000,Normal,1,t1A_energy_weighted_std_channel,3.4319142122372375,-1.2282246422967145,0.18177082581617515,0.2961824720414665,0.010061432021317707
X01_PLX_G01_0005_000000,Normal,2,t1A_energy_high_channel_fraction,1.8205072031938232,-0.9788633490941505,0.18204752080471648,0.016081022260847205,-0.00389752500276791
X01_PLX_G01_0005_000000,Normal,3,t1A_energy_anode_balance_cv,1.4610071363339365,-0.9181576737776581,0.12722695755979135,0.009971109613099742,-0.008763741727651875
X01_PLX_G01_0005_000000,Normal,4,t2_det_lc_rate_balance_cv,1.404273993664921,-0.848350867926799,0.12158062128902483,0.031235337627976912,-0.00043626608847102677
X01_PLX_G01_0005_000000,Normal,5,t2_det_pha_centroid_spread,1.0858965347294292,0.48638791929590935,0.01738961493741161,0.40615298178469406,-0.0013500924368441969
X01_PLX_G01_0006_000000,Anomaly,1,t1A_energy_peak_channel,2.4544990315347768,4.894105811784397,0.25293991459721354,0.0,0.0925152531016491
X01_PLX_G01_0006_000000,Anomaly,2,t1A_energy_weighted_mean_channel,2.207368658481,-3.4325052501646716,0.5565246503233953,0.0,0.0468139879529712
X01_PLX_G01_0006_000000,Anomaly,3,t1A_energy_channel_entropy,1.8139679863052869,-2.8556618973058145,0.5070865353003792,0.0,0.02954119485096296
X01_PLX_G01_0006_000000,Anomaly,4,t1B_src_roll_smoothness_norm,0.706647134238979,1.2173718247420207,0.2113871749412369,0.0,0.007222698234721103
X01_PLX_G01_0006_000000,Anomaly,5,t1A_energy_high_channel_fraction,0.6878486945414383,-1.071661717953016,0.19930602067715697,0.0,0.010246313246671357
X01_PLX_P01_0005_000000,Normal,1,t2_det_pha_centroid_spread,3.225532573501398,1.9652851341275297,0.07026398142077477,4.478296269741089,0.035269605069595034
X01_PLX_P01_0005_000000,Normal,2,t1A_energy_weighted_mean_channel,2.886397217751052,-1.9215437813296574,0.3115469323562664,1.7640279998227975,0.018154964571856225
X01_PLX_P01_0005_000000,Normal,3,t1A_energy_channel_entropy,2.395069820424707,-1.7137935477843456,0.3043223125209638,1.025390348674335,0.011189544914799676
X01_PLX_P01_0005_000000,Normal,4,t1B_src_roll_entropy,1.680645471611577,1.170698649070966,0.2124615711628507,0.3406666655919379,0.01153065844843365
X01_PLX_P01_0005_000000,Normal,5,t1A_exp_uniformity_cv,1.501415183162162,-1.1939163988815218,0.23409993187619746,0.2266762821013365,0.003240719809069592
X01_PLX_T24_0001_000000,Normal,1,t2_det_pha_centroid_spread,3.350768490754594,-1.6362669705614468,0.058500738657445275,2.2062752057870245,0.011423981516015258
X01_PLX_T24_0001_000000,Normal,2,t1B_src_roll_smoothness_norm,2.9078477987499625,0.7826211821661987,0.1358960979586843,1.6959708283579904,0.009664909245271303
X01_PLX_T24_0001_000000,Normal,3,t2_det_lc_rate_balance_cv,1.7199222286300329,-1.1637291841318904,0.16677877346279038,0.019221908408112515,-0.002307652224350032
X01_PLX_T24_0001_000000,Normal,4,t1B_src_roll_entropy,1.6817941913574295,-0.4958201521202376,0.08998278815583016,1.1725689533780266,0.003515973978382436
X01_PLX_T24_0001_000000,Normal,5,t1A_energy_anode_balance_cv,1.5492251604253902,-1.073398686088364,0.1487383408971767,0.003067561223323574,-0.0094395451487303
X01_PLX_T24_0002_000000,Normal,1,t1B_src_roll_entropy,3.858128673490905,1.4901642823632604,0.2704390621556685,0.8156477776392279,0.012461102358021059
X01_PLX_T24_0002_000000,Normal,2,t1A_exp_uniformity_cv,3.781884801856946,-1.544247895116752,0.3027919939666288,0.6829978222845696,0.011769713304969287
X01_PLX_T24_0002_000000,Normal,3,t1B_src_peak_to_median_roll,2.8176230011391517,-1.3786167294902039,0.2676936387553392,0.3501358980127882,0.007620240457104466
X01_PLX_T24_0002_000000,Normal,4,t1A_exp_max_to_min_roll,2.5903651493415802,-1.376891051665047,0.2679745483450281,0.3395009581726142,0.0049531975370605275
X01_PLX_T24_0002_000000,Normal,5,t1A_energy_weighted_std_channel,1.8232648382604513,-1.2023702655608821,0.1779445132277493,0.26870964745158005,0.0015891685152830681
X01_PLX_T24_0007_000000,Normal,1,t1B_src_roll_entropy,3.2476768122549364,1.6107874307478196,0.2923300788103222,0.24639992397045138,0.02013431594864501
X01_PLX_T24_0007_000000,Normal,2,t1A_exp_uniformity_cv,3.079929831940417,-1.4648680945332127,0.2872274151348435,0.2018373766952896,0.01983412264887552
X01_PLX_T24_0007_000000,Normal,3,t1A_exp_max_to_min_roll,2.3067062140471575,-1.2274050324807289,0.23888114373151714,0.1311699139786014,0.011994082025301722
X01_PLX_T24_0007_000000,Normal,4,t1B_src_roll_smoothness_norm,2.297321655038753,-1.2889619520370705,0.22381824526421823,0.0859520705230384,0.01298829869596796
X01_PLX_T24_0007_000000,Normal,5,t1B_src_peak_to_median_roll,2.237409968462272,-1.2351816601111283,0.239842057655342,0.14670610569930786,0.010121029372993084
