observation_id,exact_rank,feature,feature_readable,product_family,xai_score,z_score,direction,pca_contribution,kmeans_contribution,isolation_contribution,exact_function_source,prior_reproduction_rank,prior_reproduction_score,notebook10_score,notebook10_rank,delta_vs_prior_reproduction,delta_vs_notebook10
X01_PLX_G01_0006_000000,1,t1A_energy_peak_channel,energy peak channel,Tier1A EnergyRes,2.4544990315347768,4.894105811784397,higher than usual,0.25293991459721354,0.0,0.0925152531016491,D:\polix_xai_webapp\model_service.py::PolixXAIPredictor.explain_one,1.0,2.4544990315347768,2.4544990315347768,1,0.0,0.0
X01_PLX_G01_0006_000000,2,t1A_energy_weighted_mean_channel,energy weighted mean channel,Tier1A EnergyRes,2.207368658481,-3.4325052501646716,lower than usual,0.5565246503233953,0.0,0.0468139879529712,D:\polix_xai_webapp\model_service.py::PolixXAIPredictor.explain_one,2.0,2.207368658481,2.207368658481,2,0.0,0.0
X01_PLX_G01_0006_000000,3,t1A_energy_channel_entropy,energy distribution entropy,Tier1A EnergyRes,1.8139679863052869,-2.8556618973058145,lower than usual,0.5070865353003792,0.0,0.02954119485096296,D:\polix_xai_webapp\model_service.py::PolixXAIPredictor.explain_one,3.0,1.8139679863052869,1.8139679863052869,3,0.0,0.0
X01_PLX_G01_0006_000000,4,t1B_src_roll_smoothness_norm,source roll smoothness variation,Tier1B Source Azimuth,0.706647134238979,1.2173718247420207,higher than usual,0.2113871749412369,0.0,0.007222698234721103,D:\polix_xai_webapp\model_service.py::PolixXAIPredictor.explain_one,4.0,0.706647134238979,0.706647134238979,4,0.0,0.0
X01_PLX_G01_0006_000000,5,t1A_energy_high_channel_fraction,high-energy channel fraction,Tier1A EnergyRes,0.6878486945414383,-1.071661717953016,lower than usual,0.19930602067715697,0.0,0.010246313246671357,D:\polix_xai_webapp\model_service.py::PolixXAIPredictor.explain_one,5.0,0.6878486945414383,0.6878486945414383,5,0.0,0.0
X01_PLX_G01_0006_000000,6,t2_det_lc_rate_balance_cv,detector light-curve rate imbalance,Tier2 Detector Balance,0.5296291878247247,1.0014746925295854,higher than usual,0.1435254208209148,0.0,0.006208195264126082,D:\polix_xai_webapp\model_service.py::PolixXAIPredictor.explain_one,,,0.5296291878247247,6,,0.0
X01_PLX_G01_0006_000000,7,t1A_energy_anode_balance_cv,anode balance variation,Tier1A EnergyRes,0.508962251062187,1.1227565673246174,higher than usual,0.15557774685176523,0.0,-0.0017148695633962818,D:\polix_xai_webapp\model_service.py::PolixXAIPredictor.explain_one,,,0.508962251062187,7,,0.0
X01_PLX_G01_0006_000000,8,t1B_src_peak_to_median_roll,source roll peak-to-median ratio,Tier1B Source Azimuth,0.4341040809647975,0.7112912302475226,higher than usual,0.13811535401150382,0.0,0.0037554765252771904,D:\polix_xai_webapp\model_service.py::PolixXAIPredictor.explain_one,,,0.4341040809647975,8,,0.0
X01_PLX_G01_0006_000000,9,t1A_exp_max_to_min_roll,maximum-to-minimum roll exposure ratio,Tier1A Exposure,0.4241725470046695,0.6659011630545895,higher than usual,0.129599624600794,0.0,0.0051103182287922655,D:\polix_xai_webapp\model_service.py::PolixXAIPredictor.explain_one,,,0.4241725470046695,9,,0.0
X01_PLX_G01_0006_000000,10,t1A_energy_weighted_std_channel,energy spread,Tier1A EnergyRes,0.2074187881460597,0.44107807685617395,higher than usual,0.06527724938789203,0.0,-0.002976818635462508,D:\polix_xai_webapp\model_service.py::PolixXAIPredictor.explain_one,,,0.2074187881460597,10,,0.0
X01_PLX_G01_0006_000000,11,t2_lc_rate_cv,light curve rate variability,Tier2 Light Curve,0.18747456607924412,0.3561354387456869,higher than usual,0.04033373929146618,0.0,0.003907106300185648,D:\polix_xai_webapp\model_service.py::PolixXAIPredictor.explain_one,,,0.1874745660792441,11,,2.7755575615628914e-17
X01_PLX_G01_0006_000000,12,t1B_src_roll_entropy,source roll entropy,Tier1B Source Azimuth,0.15344060015848376,-0.2742909057216538,lower than usual,0.049779058711266436,0.0,0.0007354194382771517,D:\polix_xai_webapp\model_service.py::PolixXAIPredictor.explain_one,,,0.1534406001584837,12,,5.551115123125783e-17
X01_PLX_G01_0006_000000,13,t2_lc_peak_to_median_rate,light curve peak-to-median rate ratio,Tier2 Light Curve,0.14779803208570513,-0.38472994142390005,lower than usual,0.03850435826560929,0.0,-0.0027075834168175383,D:\polix_xai_webapp\model_service.py::PolixXAIPredictor.explain_one,,,0.1477980320857051,13,,2.7755575615628914e-17
X01_PLX_G01_0006_000000,14,t1A_exp_uniformity_cv,exposure non-uniformity,Tier1A Exposure,0.12303971751671472,0.17908133533468096,higher than usual,0.03511378890634327,0.0,0.0021605763723314686,D:\polix_xai_webapp\model_service.py::PolixXAIPredictor.explain_one,,,0.1230397175167147,14,,1.3877787807814457e-17
X01_PLX_G01_0006_000000,15,t2_det_pha_centroid_spread,detector spectral centroid spread,Tier2 Detector Balance,0.03962621375284708,0.14754521499862538,higher than usual,0.005275119658395023,0.0,-0.00393299715150619,D:\polix_xai_webapp\model_service.py::PolixXAIPredictor.explain_one,,,0.039626213752847,15,,7.632783294297951e-17
