path,exists,size_bytes,last_modified_local,sha256
D:\ISROtrial\Polix_L2_full_archive\final_project_outputs\02_feature_engineering\polix_matrix_v2_A_primary_final_chain.csv,True,4247,2026-07-09T10:53:33.191213131,c9031c30b8bd05ced089ed7b863b4bb9e189bc04f17075bd99cab0f8b05ed6c4
D:\ISROtrial\Polix_L2_full_archive\final_project_outputs\02_feature_engineering\polix_matrix_v2_B_primary_plus_source_diag.csv,True,5720,2026-07-09T10:53:33.208003283,21411e20d55c94704e6e26fc87a3570cbd9b3a8cecf8e2930fe9954db5f723c8
D:\ISROtrial\Polix_L2_full_archive\final_project_outputs\02_feature_engineering\polix_matrix_v2_C_primary_plus_supporting.csv,True,7699,2026-07-09T10:53:33.221976995,3936e1b0aaf44acff39597befec1b466a26511123655946f8829a4e6263db0fa
D:\ISROtrial\Polix_L2_full_archive\final_project_outputs\02_feature_engineering\polix_matrix_v2_WR_weightedroll_diagnostic.csv,True,3736,2026-07-09T10:53:33.236220837,b8a49ee9fb205c607b160cab19dffcebfc187dd256757421c590af3987b811db
D:\ISROtrial\Polix_L2_full_archive\final_project_outputs\03_ml_xai_results\polix_v2_matrixC_unsupervised_xai_model.pkl,True,280244,2026-07-09T11:40:58.514843941,d8efd73c9744ed1ca1098a4599da91acdedc250bb2b6639728364aef6b8c180d
D:\ISROtrial\Polix_L2_full_archive\final_project_outputs\03_ml_xai_results\v2_unsupervised_xai_faithfulness_test.csv,True,1869,2026-07-09T11:29:01.630741119,5c517a8d0c308739fb6b406e0453584ec96b8079ab8d083a459c37010967885a
D:\ISROtrial\Polix_L2_full_archive\final_project_outputs\03_ml_xai_results\v2_unsupervised_xai_faithfulness_verdict.csv,True,2747,2026-07-09T11:29:57.957541943,edefb08dcef5dcf71eb9c3fcdbe6c01ebf1ee94802977d11b356ee4d38493b6f
D:\ISROtrial\Polix_L2_full_archive\v2_unsupervised_xai_top_feature_contributions.csv,True,59248,2026-07-09T11:25:08.536329984,2d8e0417cecf18d79207e6190cefd3405baecb411894c26e9606cf58cecb4e1e
D:\ISROtrial\Polix_L2_full_archive\final_project_outputs\03_ml_xai_results\v2_final_primary_unsupervised_xai_explanations.csv,True,6970,2026-07-09T11:28:02.140415430,849ac208b92157c08130edfece4a1c34ef2bb897e86a256478499f5e55bf82a5
D:\ISROtrial\Polix_L2_full_archive\final_project_outputs\03_ml_xai_results\v2_consensus_anomaly_table.csv,True,1947,2026-07-09T10:58:02.456150055,46a6cbb2458cf9517baea17cf89ef838d5a517f3ff9dfeb7e220808dfa6276cb
D:\ISROtrial\Polix_L2_full_archive\final_project_outputs\03_ml_xai_results\v2_matrix_analysis_summary.csv,True,1354,2026-07-09T10:55:46.457618952,278b1aa9d3a53726df3d2b8794c578ec75c4e744c30baef68a485a1bae84a626
D:\ISROtrial\Polix_L2_full_archive\final_project_outputs\04_polarimetry_results\polix_weightedroll_raw_modulation_fits.csv,True,13824,2026-07-10T09:29:20.522374868,0904f151095cbbbe30b2f9cb163e38b6e0b97788627964461c1d707f0a3cec86
D:\ISROtrial\Polix_L2_full_archive\final_project_outputs\04_polarimetry_results\path2_blank_sky_modulation_baseline.csv,True,739,2026-07-10T09:53:58.660946846,67cd737fa57545aa75b731121222b53a77f1413774dea67c91b67fdb5a72e964
D:\ISROtrial\Polix_L2_full_archive\final_project_outputs\04_polarimetry_results\path2_all_observations_fractional_qu_vectors.csv,True,18495,2026-07-10T09:59:35.816164494,115811a3170b29774f3172093489530e2cba75a4339cbb0475b535ccd859e28e
D:\ISROtrial\Polix_L2_full_archive\final_project_outputs\04_polarimetry_results\path2_source_vs_blank_sky_modulation_comparison.csv,True,6829,2026-07-10T09:53:58.686443567,863d3b919721e44a902115c009f1df5ba321b15d1fded1651c2ffb58f5fd5437
D:\ISROtrial\Polix_L2_full_archive\final_project_outputs\04_polarimetry_results\path2_final_polarization_xai_result_table_with_roles.csv,True,13492,2026-07-10T09:51:32.951547384,ff9262a0069dd00c0234f2d08fc16018519459831ff92ec073efce8a1acbcf11
D:\ISROtrial\Polix_L2_full_archive\final_project_outputs\07_documentation\POLIX_XAI_Final_Report_Reviewed.md,True,83090,2026-07-14T01:08:44.277938604,5d37b4a43901c86c697f83e31f138384ce320470ecb6be2e887861e3a2c3229f
C:\Users\Saatvik\Downloads\POLIX_User_Handbook.pdf,True,3652671,2026-06-24T20:44:31.457892656,04a4640f45cefde274fda11eafdd725eb414e678b66ad10c44f067d3401e46b2
D:\polix_xai_webapp\PS1_Review1_Introduction_Literature_Survey.md,True,51210,2026-07-27T14:44:45.341126204,3e0120c2d9189ab938b062389174badd84fb704085b623dc4162f63bc11a7bbc
D:\polix_xai_webapp\PS1_Review1_Literature_Comparison_Table.md,True,15669,2026-07-27T14:42:07.871205091,19cf95abe8790d2e885bbe1790e26cc543ff750c03e28a297f89cdae8703e114
D:\polix_xai_webapp\PS1_Review1_Citation_Audit.md,True,12997,2026-07-27T14:43:38.031251669,eccef425fc4638b54e46d1a8d8ce715f55e110ac37100ab2b466d9feb38d692c
D:\polix_xai_webapp\app.py,True,11690,2026-07-13T23:57:18.216024399,324c2232ce8c9225f6167e3af78ac27825737ff2e8c07eed5889a8f6f6dc3e7b
D:\polix_xai_webapp\feature_extractor.py,True,10044,2026-07-13T22:13:14.601436377,45a9ae59e9822528c1e6d64ac107a121bb7291d7c352bf744e6fc9d06f0569cb
D:\polix_xai_webapp\model_service.py,True,9458,2026-07-09T12:17:23.737574577,f749ffd0e79a951f42555f5083d2056567de9ccaaf721772601ea0a79856c877
D:\polix_xai_webapp\polarization_service.py,True,22610,2026-07-13T21:50:18.222097874,9f93886080c9d6378c670d6365c17a12fe4dddaecae145eefed34a6718c5d738
D:\polix_xai_webapp\result_exporter.py,True,4751,2026-07-13T23:43:23.133728504,d06bfe38cfdef2480dda6739ee8502b86c82c6cbbd475d192289a8de1be7a60b
D:\polix_xai_webapp\visualization_service.py,True,4477,2026-07-14T13:24:03.988374472,416384b862274ac611248e8e72ce1277d8f55e8c0560a4d2ec795f4f111816d5
D:\polix_xai_webapp\config\observation_metadata.json,True,2210,2026-07-13T22:47:55.128963947,09cc397b98f2fa153e791ac03ce955309f7ba7f9785e5d574520c4dab207f038
D:\polix_xai_webapp\config\polarimetry_config.json,True,2178,2026-07-13T21:32:13.091827869,db0a644aac6eb52ea20df3856ffc707586af1246ffa3ba9f7e532e7e50a4d6c5
D:\polix_xai_webapp\requirements.txt,True,63,2026-07-09T12:34:27.406781435,dcb67f79ff7d0f54131b97d02bd4fb093eabece5b42487cd20666d083c134070
D:\ISROtrial\Polix_L2_full_archive\final_project_outputs\01_notebooks\01_WeightedRoll_Exploration.ipynb,True,10715,2026-07-09T09:50:26.050551414,ca2366eb1f2c830ad9ca50059ab9e3ce8268d9635a9982cdef48c29e5f622f74
D:\ISROtrial\Polix_L2_full_archive\final_project_outputs\01_notebooks\02_Primary_POLIX_Products_Inspection.ipynb,True,88000,2026-07-08T21:39:11.416178942,e8bf3116719baf1f29a0f45c31243efc8d9d2f17c2a36b029c9ce72ab91479a1
D:\ISROtrial\Polix_L2_full_archive\final_project_outputs\01_notebooks\03_Observation_Feature_Table.ipynb,True,33014,2026-07-08T22:39:28.839932203,46fa15ae0ab7472561ed2905140db9531f69c3e9c913bd5530e5152be386fae3
D:\ISROtrial\Polix_L2_full_archive\final_project_outputs\01_notebooks\04_Exploratory_Data_Analysis.ipynb,True,240375,2026-07-08T22:54:32.941651821,9d3870e24e0c61e7722503719390af436623f218cc39cf119f52f2531a58abd8
D:\ISROtrial\Polix_L2_full_archive\final_project_outputs\01_notebooks\05_PCA_and_Structure_Discovery.ipynb,True,191131,2026-07-08T23:09:42.021406889,933cc92cd044c929352c66df517f6031a3be72508e13cdcd2c7ae6e80b6dcc7f
D:\ISROtrial\Polix_L2_full_archive\final_project_outputs\01_notebooks\06_Unsupervised_Analysis.ipynb,True,97996,2026-07-08T23:31:38.911381006,40b4d545521228ea9af82077de5571237d826f0d79b85dbf43a6adf952ee47cd
D:\ISROtrial\Polix_L2_full_archive\final_project_outputs\01_notebooks\07_Result_Interpretation_and_Visualization.ipynb,True,52651,2026-07-08T23:31:37.510770081,74fa07cb6e984e8ebbb1fe0800a94294a93ed5dd623af745882749b3bb70a532
D:\ISROtrial\Polix_L2_full_archive\final_project_outputs\01_notebooks\08_Feature_Set_V2_Product_Tier_Engineering.ipynb,True,86423,2026-07-10T04:31:00.322366714,d83c1ade91b3b61e9783b275692a5965b85d7874342c7bdd2e4645450956190f
D:\ISROtrial\Polix_L2_full_archive\final_project_outputs\01_notebooks\09_V2_Matrix_Audit_and_Unsupervised_Analysis.ipynb,True,432805,2026-07-09T11:20:39.627671242,57fe81b243a55fb78c349543946fe01485f9406af2f6b7ea6ab585c92ec93f1d
D:\ISROtrial\Polix_L2_full_archive\final_project_outputs\01_notebooks\10_Unsupervised_XAI_Model_Explanations.ipynb,True,87250,2026-07-09T11:42:48.725804329,0f93867d8a565abcfd7d880d10059ed11c180a850ed19a8593a2cc9926448304
D:\ISROtrial\Polix_L2_full_archive\final_project_outputs\01_notebooks\11_POLIX_Polarization_Parameter_Analysis.ipynb,True,1393662,2026-07-13T21:33:50.211954117,90d7ae3dc2dadd28924fc9bbdf5afc302c9b5022c6da6feb87d1ef78b2657086
