observation_id,seeds_evaluated,times_flagged,flag_frequency,mean_anomaly_score,std_anomaly_score,mean_rank,min_rank,max_rank
X01_PLX_C24_0018_000000,100,100,1.0,0.6028149236274322,0.014603815738660634,1.46,1.0,3.0
X01_PLX_G01_0006_000000,100,100,1.0,0.589400677815479,0.017827822562448498,1.98,1.0,3.0
X01_PLX_G01_0003_000000,100,100,1.0,0.5733817024262675,0.016178944558604434,2.6,1.0,4.0
X01_PLX_C24_0020_000000,100,68,0.68,0.5316975495252614,0.012939152158838443,4.31,3.0,6.0
X01_PLX_C24_0010_000000,100,29,0.29,0.5215339624696448,0.013793369718268967,4.89,4.0,7.0
X01_PLX_P01_0005_000000,100,3,0.03,0.4989440044361013,0.012359168019294072,6.36,4.0,10.0
X01_PLX_C24_0021_000000,100,0,0.0,0.4820066904428455,0.011765844192278017,8.32,6.0,14.0
X01_PLX_C24_0008_000000,100,0,0.0,0.4807072138095425,0.012301791552185363,8.39,5.0,14.0
X01_PLX_C24_0022_000000,100,0,0.0,0.476422692141269,0.012055979859305711,8.95,6.0,15.0
X01_PLX_T24_0002_000000,100,0,0.0,0.47140104409932276,0.01147633921846148,9.64,6.0,15.0
X01_PLX_T24_0007_000000,100,0,0.0,0.4705986238759345,0.010650840618549954,9.8,7.0,14.0
X01_PLX_G01_0004_000000,100,0,0.0,0.45282022198116073,0.010119934806436328,12.97,9.0,18.0
X01_PLX_C24_0026_000000,100,0,0.0,0.4520129837575191,0.009911958397706488,13.12,10.0,19.0
X01_PLX_C24_0007_000000,100,0,0.0,0.4455543215205621,0.008603748219659372,14.4,11.0,19.0
X01_PLX_T24_0001_000000,100,0,0.0,0.44462001658006334,0.010245985124660397,14.61,10.0,20.0
X01_PLX_C24_0001_000000,100,0,0.0,0.4377977730965165,0.009769094027449271,16.43,11.0,20.0
X01_PLX_C24_0009_000000,100,0,0.0,0.4372126746285568,0.009070725526909842,16.39,12.0,21.0
X01_PLX_C24_0019_000000,100,0,0.0,0.4298157536848111,0.009824658077848523,18.26,13.0,21.0
X01_PLX_G01_0002_000000,100,0,0.0,0.4278845349030634,0.009391889791675902,18.96,15.0,24.0
X01_PLX_G01_0005_000000,100,0,0.0,0.42482652332139687,0.009237648929539903,19.67,16.0,25.0
X01_PLX_C24_0002_000000,100,0,0.0,0.4235559756163698,0.008365475058191876,19.99,16.0,24.0
X01_PLX_C24_0024_000000,100,0,0.0,0.41113618003088376,0.00878477327147409,22.08,16.0,25.0
X01_PLX_C24_0015_000000,100,0,0.0,0.40517142432535536,0.00720800196833881,23.5,19.0,25.0
X01_PLX_C24_0023_000000,100,0,0.0,0.4041871990989944,0.007539060132686238,23.74,22.0,25.0
X01_PLX_C24_0014_000000,100,0,0.0,0.40260028703516176,0.007411300047326707,24.18,21.0,25.0
