omitted_observation_id,observation_id,was_in_training_set,anomaly_score,anomaly_rank_among_25,flagged
X01_PLX_C24_0001_000000,X01_PLX_C24_0001_000000,False,0.4415158132623765,16.0,False
X01_PLX_C24_0001_000000,X01_PLX_C24_0002_000000,True,0.4280020187452624,18.0,False
X01_PLX_C24_0001_000000,X01_PLX_C24_0007_000000,True,0.44920766222736225,12.0,False
X01_PLX_C24_0001_000000,X01_PLX_C24_0008_000000,True,0.47489180642767975,7.0,False
X01_PLX_C24_0001_000000,X01_PLX_C24_0009_000000,True,0.41957171205970545,20.0,False
X01_PLX_C24_0001_000000,X01_PLX_C24_0010_000000,True,0.5130102858763683,4.0,True
X01_PLX_C24_0001_000000,X01_PLX_C24_0014_000000,True,0.3935664618972812,25.0,False
X01_PLX_C24_0001_000000,X01_PLX_C24_0015_000000,True,0.40162837686882125,22.0,False
X01_PLX_C24_0001_000000,X01_PLX_C24_0018_000000,True,0.6094806165246776,1.0,True
X01_PLX_C24_0001_000000,X01_PLX_C24_0019_000000,True,0.42052003539657784,19.0,False
X01_PLX_C24_0001_000000,X01_PLX_C24_0020_000000,True,0.5114081900599612,5.0,False
X01_PLX_C24_0001_000000,X01_PLX_C24_0021_000000,True,0.47378620589680426,8.0,False
X01_PLX_C24_0001_000000,X01_PLX_C24_0022_000000,True,0.45004833010331174,11.0,False
X01_PLX_C24_0001_000000,X01_PLX_C24_0023_000000,True,0.3942094767397676,24.0,False
X01_PLX_C24_0001_000000,X01_PLX_C24_0024_000000,True,0.3992362507699949,23.0,False
X01_PLX_C24_0001_000000,X01_PLX_C24_0026_000000,True,0.442692965672157,15.0,False
X01_PLX_C24_0001_000000,X01_PLX_G01_0002_000000,True,0.4322506801749796,17.0,False
X01_PLX_C24_0001_000000,X01_PLX_G01_0003_000000,True,0.5658880855481871,3.0,True
X01_PLX_C24_0001_000000,X01_PLX_G01_0004_000000,True,0.44572924092245364,14.0,False
X01_PLX_C24_0001_000000,X01_PLX_G01_0005_000000,True,0.41031993391932226,21.0,False
X01_PLX_C24_0001_000000,X01_PLX_G01_0006_000000,True,0.5906001035781306,2.0,True
X01_PLX_C24_0001_000000,X01_PLX_P01_0005_000000,True,0.5065819155304794,6.0,False
X01_PLX_C24_0001_000000,X01_PLX_T24_0001_000000,True,0.4461335760317787,13.0,False
X01_PLX_C24_0001_000000,X01_PLX_T24_0002_000000,True,0.473337910510605,9.0,False
X01_PLX_C24_0001_000000,X01_PLX_T24_0007_000000,True,0.47169818654497264,10.0,False
X01_PLX_C24_0002_000000,X01_PLX_C24_0001_000000,True,0.43783132146331766,16.0,False
X01_PLX_C24_0002_000000,X01_PLX_C24_0002_000000,False,0.43600764037808515,17.0,False
X01_PLX_C24_0002_000000,X01_PLX_C24_0007_000000,True,0.44695609058777425,13.0,False
X01_PLX_C24_0002_000000,X01_PLX_C24_0008_000000,True,0.46876242849548044,10.0,False
X01_PLX_C24_0002_000000,X01_PLX_C24_0009_000000,True,0.4162284585397984,19.0,False
X01_PLX_C24_0002_000000,X01_PLX_C24_0010_000000,True,0.5168428409760101,5.0,False
X01_PLX_C24_0002_000000,X01_PLX_C24_0014_000000,True,0.3930714880419711,24.0,False
X01_PLX_C24_0002_000000,X01_PLX_C24_0015_000000,True,0.3973850305569244,22.0,False
X01_PLX_C24_0002_000000,X01_PLX_C24_0018_000000,True,0.6139493549749997,1.0,True
X01_PLX_C24_0002_000000,X01_PLX_C24_0019_000000,True,0.41243030160798916,21.0,False
X01_PLX_C24_0002_000000,X01_PLX_C24_0020_000000,True,0.5198487497417305,4.0,True
X01_PLX_C24_0002_000000,X01_PLX_C24_0021_000000,True,0.47208272684622776,9.0,False
X01_PLX_C24_0002_000000,X01_PLX_C24_0022_000000,True,0.4477170838509315,12.0,False
X01_PLX_C24_0002_000000,X01_PLX_C24_0023_000000,True,0.390790461100861,25.0,False
X01_PLX_C24_0002_000000,X01_PLX_C24_0024_000000,True,0.39720976997205937,23.0,False
X01_PLX_C24_0002_000000,X01_PLX_C24_0026_000000,True,0.4398245370792798,15.0,False
X01_PLX_C24_0002_000000,X01_PLX_G01_0002_000000,True,0.42833842543915224,18.0,False
X01_PLX_C24_0002_000000,X01_PLX_G01_0003_000000,True,0.5613757954282667,3.0,True
X01_PLX_C24_0002_000000,X01_PLX_G01_0004_000000,True,0.44446899812826285,14.0,False
X01_PLX_C24_0002_000000,X01_PLX_G01_0005_000000,True,0.4137677079791481,20.0,False
X01_PLX_C24_0002_000000,X01_PLX_G01_0006_000000,True,0.5930547388569959,2.0,True
X01_PLX_C24_0002_000000,X01_PLX_P01_0005_000000,True,0.5049222793739496,6.0,False
X01_PLX_C24_0002_000000,X01_PLX_T24_0001_000000,True,0.4478062008067408,11.0,False
X01_PLX_C24_0002_000000,X01_PLX_T24_0002_000000,True,0.4758671644529762,7.0,False
X01_PLX_C24_0002_000000,X01_PLX_T24_0007_000000,True,0.473347942293768,8.0,False
X01_PLX_C24_0007_000000,X01_PLX_C24_0001_000000,True,0.42874767869636005,17.0,False
X01_PLX_C24_0007_000000,X01_PLX_C24_0002_000000,True,0.41547324489864196,19.0,False
X01_PLX_C24_0007_000000,X01_PLX_C24_0007_000000,False,0.4640889592820949,11.0,False
X01_PLX_C24_0007_000000,X01_PLX_C24_0008_000000,True,0.47730909615984213,8.0,False
X01_PLX_C24_0007_000000,X01_PLX_C24_0009_000000,True,0.4160984355215128,18.0,False
X01_PLX_C24_0007_000000,X01_PLX_C24_0010_000000,True,0.5171328145082846,4.0,True
X01_PLX_C24_0007_000000,X01_PLX_C24_0014_000000,True,0.3920411063487475,25.0,False
X01_PLX_C24_0007_000000,X01_PLX_C24_0015_000000,True,0.3973448383383004,23.0,False
X01_PLX_C24_0007_000000,X01_PLX_C24_0018_000000,True,0.6155723531178077,1.0,True
X01_PLX_C24_0007_000000,X01_PLX_C24_0019_000000,True,0.40971632979773026,21.0,False
X01_PLX_C24_0007_000000,X01_PLX_C24_0020_000000,True,0.5005317257478612,6.0,False
X01_PLX_C24_0007_000000,X01_PLX_C24_0021_000000,True,0.4680811030280356,10.0,False
X01_PLX_C24_0007_000000,X01_PLX_C24_0022_000000,True,0.44281850752688456,13.0,False
X01_PLX_C24_0007_000000,X01_PLX_C24_0023_000000,True,0.3959103482166624,24.0,False
X01_PLX_C24_0007_000000,X01_PLX_C24_0024_000000,True,0.39771852160631616,22.0,False
X01_PLX_C24_0007_000000,X01_PLX_C24_0026_000000,True,0.435719903751359,14.0,False
X01_PLX_C24_0007_000000,X01_PLX_G01_0002_000000,True,0.43065660836876074,15.0,False
X01_PLX_C24_0007_000000,X01_PLX_G01_0003_000000,True,0.5695369451599802,3.0,True
X01_PLX_C24_0007_000000,X01_PLX_G01_0004_000000,True,0.4605462801231838,12.0,False
X01_PLX_C24_0007_000000,X01_PLX_G01_0005_000000,True,0.41535150036496016,20.0,False
X01_PLX_C24_0007_000000,X01_PLX_G01_0006_000000,True,0.590563745164259,2.0,True
X01_PLX_C24_0007_000000,X01_PLX_P01_0005_000000,True,0.5110056035857432,5.0,False
X01_PLX_C24_0007_000000,X01_PLX_T24_0001_000000,True,0.4291070640065354,16.0,False
X01_PLX_C24_0007_000000,X01_PLX_T24_0002_000000,True,0.4881402835104301,7.0,False
X01_PLX_C24_0007_000000,X01_PLX_T24_0007_000000,True,0.47508283237318405,9.0,False
X01_PLX_C24_0008_000000,X01_PLX_C24_0001_000000,True,0.44091985455521837,15.0,False
X01_PLX_C24_0008_000000,X01_PLX_C24_0002_000000,True,0.420755454863337,21.0,False
X01_PLX_C24_0008_000000,X01_PLX_C24_0007_000000,True,0.4566017164770495,12.0,False
X01_PLX_C24_0008_000000,X01_PLX_C24_0008_000000,False,0.46736641939364776,10.0,False
X01_PLX_C24_0008_000000,X01_PLX_C24_0009_000000,True,0.4305327081732176,18.0,False
X01_PLX_C24_0008_000000,X01_PLX_C24_0010_000000,True,0.5193591855229617,5.0,False
X01_PLX_C24_0008_000000,X01_PLX_C24_0014_000000,True,0.3988270771615538,24.0,False
X01_PLX_C24_0008_000000,X01_PLX_C24_0015_000000,True,0.40499303984462043,23.0,False
X01_PLX_C24_0008_000000,X01_PLX_C24_0018_000000,True,0.6059033583845275,1.0,True
X01_PLX_C24_0008_000000,X01_PLX_C24_0019_000000,True,0.42393019725798947,20.0,False
X01_PLX_C24_0008_000000,X01_PLX_C24_0020_000000,True,0.5209145228109489,4.0,True
X01_PLX_C24_0008_000000,X01_PLX_C24_0021_000000,True,0.47393125155014426,9.0,False
X01_PLX_C24_0008_000000,X01_PLX_C24_0022_000000,True,0.44594641098211196,13.0,False
X01_PLX_C24_0008_000000,X01_PLX_C24_0023_000000,True,0.3984420208574641,25.0,False
X01_PLX_C24_0008_000000,X01_PLX_C24_0024_000000,True,0.4060387156881652,22.0,False
X01_PLX_C24_0008_000000,X01_PLX_C24_0026_000000,True,0.4428476638205993,14.0,False
X01_PLX_C24_0008_000000,X01_PLX_G01_0002_000000,True,0.43210146899687685,17.0,False
X01_PLX_C24_0008_000000,X01_PLX_G01_0003_000000,True,0.5678148340684321,3.0,True
X01_PLX_C24_0008_000000,X01_PLX_G01_0004_000000,True,0.4619382248299164,11.0,False
X01_PLX_C24_0008_000000,X01_PLX_G01_0005_000000,True,0.4297358064693929,19.0,False
X01_PLX_C24_0008_000000,X01_PLX_G01_0006_000000,True,0.5989534935404967,2.0,True
X01_PLX_C24_0008_000000,X01_PLX_P01_0005_000000,True,0.504177212795837,6.0,False
X01_PLX_C24_0008_000000,X01_PLX_T24_0001_000000,True,0.43530793080503405,16.0,False
X01_PLX_C24_0008_000000,X01_PLX_T24_0002_000000,True,0.4823835583101334,7.0,False
X01_PLX_C24_0008_000000,X01_PLX_T24_0007_000000,True,0.47868779164363917,8.0,False
X01_PLX_C24_0009_000000,X01_PLX_C24_0001_000000,True,0.42743962103997046,17.0,False
X01_PLX_C24_0009_000000,X01_PLX_C24_0002_000000,True,0.4180666620105731,19.0,False
X01_PLX_C24_0009_000000,X01_PLX_C24_0007_000000,True,0.44412394752161405,12.0,False
X01_PLX_C24_0009_000000,X01_PLX_C24_0008_000000,True,0.469025213742546,10.0,False
X01_PLX_C24_0009_000000,X01_PLX_C24_0009_000000,False,0.43752212266337037,15.0,False
X01_PLX_C24_0009_000000,X01_PLX_C24_0010_000000,True,0.529550749568786,4.0,True
X01_PLX_C24_0009_000000,X01_PLX_C24_0014_000000,True,0.39264550962244366,25.0,False
X01_PLX_C24_0009_000000,X01_PLX_C24_0015_000000,True,0.40132942159695684,23.0,False
X01_PLX_C24_0009_000000,X01_PLX_C24_0018_000000,True,0.6173316320802213,1.0,True
X01_PLX_C24_0009_000000,X01_PLX_C24_0019_000000,True,0.4122409522748987,20.0,False
X01_PLX_C24_0009_000000,X01_PLX_C24_0020_000000,True,0.5139346502339072,5.0,False
X01_PLX_C24_0009_000000,X01_PLX_C24_0021_000000,True,0.473141537598073,8.0,False
X01_PLX_C24_0009_000000,X01_PLX_C24_0022_000000,True,0.44304239289816877,13.0,False
X01_PLX_C24_0009_000000,X01_PLX_C24_0023_000000,True,0.39369757633148256,24.0,False
X01_PLX_C24_0009_000000,X01_PLX_C24_0024_000000,True,0.4026323505461395,22.0,False
X01_PLX_C24_0009_000000,X01_PLX_C24_0026_000000,True,0.44050529922469034,14.0,False
X01_PLX_C24_0009_000000,X01_PLX_G01_0002_000000,True,0.42653467276381,18.0,False
X01_PLX_C24_0009_000000,X01_PLX_G01_0003_000000,True,0.5593190471603247,3.0,True
X01_PLX_C24_0009_000000,X01_PLX_G01_0004_000000,True,0.44641084683599824,11.0,False
X01_PLX_C24_0009_000000,X01_PLX_G01_0005_000000,True,0.40783073635608547,21.0,False
X01_PLX_C24_0009_000000,X01_PLX_G01_0006_000000,True,0.5947227556287992,2.0,True
X01_PLX_C24_0009_000000,X01_PLX_P01_0005_000000,True,0.4979810074719813,6.0,False
X01_PLX_C24_0009_000000,X01_PLX_T24_0001_000000,True,0.4355239429062291,16.0,False
X01_PLX_C24_0009_000000,X01_PLX_T24_0002_000000,True,0.4735742651231247,7.0,False
X01_PLX_C24_0009_000000,X01_PLX_T24_0007_000000,True,0.47152804238166124,9.0,False
X01_PLX_C24_0010_000000,X01_PLX_C24_0001_000000,True,0.42796502853619317,17.0,False
X01_PLX_C24_0010_000000,X01_PLX_C24_0002_000000,True,0.4194778286437109,20.0,False
X01_PLX_C24_0010_000000,X01_PLX_C24_0007_000000,True,0.4529173758587831,12.0,False
X01_PLX_C24_0010_000000,X01_PLX_C24_0008_000000,True,0.4768747244383606,9.0,False
X01_PLX_C24_0010_000000,X01_PLX_C24_0009_000000,True,0.45026401059589005,14.0,False
X01_PLX_C24_0010_000000,X01_PLX_C24_0010_000000,False,0.5161200254685437,5.0,True
X01_PLX_C24_0010_000000,X01_PLX_C24_0014_000000,True,0.3995600900323245,23.0,False
X01_PLX_C24_0010_000000,X01_PLX_C24_0015_000000,True,0.3968624698902225,24.0,False
X01_PLX_C24_0010_000000,X01_PLX_C24_0018_000000,True,0.6148985733347315,1.0,True
X01_PLX_C24_0010_000000,X01_PLX_C24_0019_000000,True,0.41598597987314206,21.0,False
X01_PLX_C24_0010_000000,X01_PLX_C24_0020_000000,True,0.5175207506981666,4.0,True
X01_PLX_C24_0010_000000,X01_PLX_C24_0021_000000,True,0.4878474902052142,7.0,False
X01_PLX_C24_0010_000000,X01_PLX_C24_0022_000000,True,0.4569864873661874,11.0,False
X01_PLX_C24_0010_000000,X01_PLX_C24_0023_000000,True,0.39628484826275395,25.0,False
X01_PLX_C24_0010_000000,X01_PLX_C24_0024_000000,True,0.4045721003208027,22.0,False
X01_PLX_C24_0010_000000,X01_PLX_C24_0026_000000,True,0.439688796111209,15.0,False
X01_PLX_C24_0010_000000,X01_PLX_G01_0002_000000,True,0.42779375938552794,18.0,False
X01_PLX_C24_0010_000000,X01_PLX_G01_0003_000000,True,0.5685058977764351,3.0,True
X01_PLX_C24_0010_000000,X01_PLX_G01_0004_000000,True,0.45056570322814254,13.0,False
X01_PLX_C24_0010_000000,X01_PLX_G01_0005_000000,True,0.4199586732841337,19.0,False
X01_PLX_C24_0010_000000,X01_PLX_G01_0006_000000,True,0.5965274409510537,2.0,True
X01_PLX_C24_0010_000000,X01_PLX_P01_0005_000000,True,0.5090499006331279,6.0,False
X01_PLX_C24_0010_000000,X01_PLX_T24_0001_000000,True,0.4358478075757211,16.0,False
X01_PLX_C24_0010_000000,X01_PLX_T24_0002_000000,True,0.4783200615549178,8.0,False
X01_PLX_C24_0010_000000,X01_PLX_T24_0007_000000,True,0.4670042954280244,10.0,False
X01_PLX_C24_0014_000000,X01_PLX_C24_0001_000000,True,0.4249138317392564,17.0,False
X01_PLX_C24_0014_000000,X01_PLX_C24_0002_000000,True,0.4142983210654104,20.0,False
X01_PLX_C24_0014_000000,X01_PLX_C24_0007_000000,True,0.44596698901937787,13.0,False
X01_PLX_C24_0014_000000,X01_PLX_C24_0008_000000,True,0.46712832889821104,10.0,False
X01_PLX_C24_0014_000000,X01_PLX_C24_0009_000000,True,0.4179517753295768,19.0,False
X01_PLX_C24_0014_000000,X01_PLX_C24_0010_000000,True,0.5135113895843203,4.0,True
X01_PLX_C24_0014_000000,X01_PLX_C24_0014_000000,False,0.41055807757732693,21.0,False
X01_PLX_C24_0014_000000,X01_PLX_C24_0015_000000,True,0.40583401168793637,23.0,False
X01_PLX_C24_0014_000000,X01_PLX_C24_0018_000000,True,0.61779929942323,1.0,True
X01_PLX_C24_0014_000000,X01_PLX_C24_0019_000000,True,0.4221410596872604,18.0,False
X01_PLX_C24_0014_000000,X01_PLX_C24_0020_000000,True,0.5108870503385976,5.0,False
X01_PLX_C24_0014_000000,X01_PLX_C24_0021_000000,True,0.4700732590650959,9.0,False
X01_PLX_C24_0014_000000,X01_PLX_C24_0022_000000,True,0.4465147032827848,12.0,False
X01_PLX_C24_0014_000000,X01_PLX_C24_0023_000000,True,0.3970657482438706,25.0,False
X01_PLX_C24_0014_000000,X01_PLX_C24_0024_000000,True,0.4052430736413563,24.0,False
X01_PLX_C24_0014_000000,X01_PLX_C24_0026_000000,True,0.44349348263177313,14.0,False
X01_PLX_C24_0014_000000,X01_PLX_G01_0002_000000,True,0.42515462294838546,16.0,False
X01_PLX_C24_0014_000000,X01_PLX_G01_0003_000000,True,0.5701459865234798,3.0,True
X01_PLX_C24_0014_000000,X01_PLX_G01_0004_000000,True,0.44823183034149927,11.0,False
X01_PLX_C24_0014_000000,X01_PLX_G01_0005_000000,True,0.4081324518771667,22.0,False
X01_PLX_C24_0014_000000,X01_PLX_G01_0006_000000,True,0.5937665754643214,2.0,True
X01_PLX_C24_0014_000000,X01_PLX_P01_0005_000000,True,0.5034825497161972,6.0,False
X01_PLX_C24_0014_000000,X01_PLX_T24_0001_000000,True,0.4290469389905054,15.0,False
X01_PLX_C24_0014_000000,X01_PLX_T24_0002_000000,True,0.47276592872944195,8.0,False
X01_PLX_C24_0014_000000,X01_PLX_T24_0007_000000,True,0.47662719201412845,7.0,False
X01_PLX_C24_0015_000000,X01_PLX_C24_0001_000000,True,0.42422269509891053,17.0,False
X01_PLX_C24_0015_000000,X01_PLX_C24_0002_000000,True,0.4143604931069722,21.0,False
X01_PLX_C24_0015_000000,X01_PLX_C24_0007_000000,True,0.44343769428758517,13.0,False
X01_PLX_C24_0015_000000,X01_PLX_C24_0008_000000,True,0.46868120069834124,10.0,False
X01_PLX_C24_0015_000000,X01_PLX_C24_0009_000000,True,0.4216193748386795,18.0,False
X01_PLX_C24_0015_000000,X01_PLX_C24_0010_000000,True,0.5158313212348894,4.0,True
X01_PLX_C24_0015_000000,X01_PLX_C24_0014_000000,True,0.39969897823753703,25.0,False
X01_PLX_C24_0015_000000,X01_PLX_C24_0015_000000,False,0.4144608273259158,20.0,False
X01_PLX_C24_0015_000000,X01_PLX_C24_0018_000000,True,0.612263856269524,1.0,True
X01_PLX_C24_0015_000000,X01_PLX_C24_0019_000000,True,0.4212821927099427,19.0,False
X01_PLX_C24_0015_000000,X01_PLX_C24_0020_000000,True,0.5127161125856662,5.0,False
X01_PLX_C24_0015_000000,X01_PLX_C24_0021_000000,True,0.475882816990404,8.0,False
X01_PLX_C24_0015_000000,X01_PLX_C24_0022_000000,True,0.4521628787494793,11.0,False
X01_PLX_C24_0015_000000,X01_PLX_C24_0023_000000,True,0.4036413469474915,24.0,False
X01_PLX_C24_0015_000000,X01_PLX_C24_0024_000000,True,0.4074991966719968,22.0,False
X01_PLX_C24_0015_000000,X01_PLX_C24_0026_000000,True,0.440876495357422,14.0,False
X01_PLX_C24_0015_000000,X01_PLX_G01_0002_000000,True,0.42488259636607656,16.0,False
X01_PLX_C24_0015_000000,X01_PLX_G01_0003_000000,True,0.5700065874136853,3.0,True
X01_PLX_C24_0015_000000,X01_PLX_G01_0004_000000,True,0.44439866401817046,12.0,False
X01_PLX_C24_0015_000000,X01_PLX_G01_0005_000000,True,0.4073727444924893,23.0,False
X01_PLX_C24_0015_000000,X01_PLX_G01_0006_000000,True,0.592302909605209,2.0,True
X01_PLX_C24_0015_000000,X01_PLX_P01_0005_000000,True,0.5002966248770729,6.0,False
X01_PLX_C24_0015_000000,X01_PLX_T24_0001_000000,True,0.4284510719250049,15.0,False
X01_PLX_C24_0015_000000,X01_PLX_T24_0002_000000,True,0.47265096037275955,9.0,False
X01_PLX_C24_0015_000000,X01_PLX_T24_0007_000000,True,0.4761177330841984,7.0,False
X01_PLX_C24_0018_000000,X01_PLX_C24_0001_000000,True,0.4517144459979289,18.0,False
X01_PLX_C24_0018_000000,X01_PLX_C24_0002_000000,True,0.43936844896030025,20.0,False
X01_PLX_C24_0018_000000,X01_PLX_C24_0007_000000,True,0.463704439209426,13.0,False
X01_PLX_C24_0018_000000,X01_PLX_C24_0008_000000,True,0.4965489019692863,8.0,False
X01_PLX_C24_0018_000000,X01_PLX_C24_0009_000000,True,0.4640560063062547,12.0,False
X01_PLX_C24_0018_000000,X01_PLX_C24_0010_000000,True,0.5335719690956511,4.0,True
X01_PLX_C24_0018_000000,X01_PLX_C24_0014_000000,True,0.4107981257572808,23.0,False
X01_PLX_C24_0018_000000,X01_PLX_C24_0015_000000,True,0.41603877435922754,22.0,False
X01_PLX_C24_0018_000000,X01_PLX_C24_0018_000000,False,0.5304674201581508,5.0,True
X01_PLX_C24_0018_000000,X01_PLX_C24_0019_000000,True,0.4282910980684039,21.0,False
X01_PLX_C24_0018_000000,X01_PLX_C24_0020_000000,True,0.5602869422659549,3.0,True
X01_PLX_C24_0018_000000,X01_PLX_C24_0021_000000,True,0.4885373232355697,9.0,False
X01_PLX_C24_0018_000000,X01_PLX_C24_0022_000000,True,0.4605733792224791,15.0,False
X01_PLX_C24_0018_000000,X01_PLX_C24_0023_000000,True,0.4103870578043082,24.0,False
X01_PLX_C24_0018_000000,X01_PLX_C24_0024_000000,True,0.410287013805059,25.0,False
X01_PLX_C24_0018_000000,X01_PLX_C24_0026_000000,True,0.46058417916892685,14.0,False
X01_PLX_C24_0018_000000,X01_PLX_G01_0002_000000,True,0.45522168082301,17.0,False
X01_PLX_C24_0018_000000,X01_PLX_G01_0003_000000,True,0.5897609098558998,2.0,True
X01_PLX_C24_0018_000000,X01_PLX_G01_0004_000000,True,0.4806257984908765,11.0,False
X01_PLX_C24_0018_000000,X01_PLX_G01_0005_000000,True,0.44046764486061857,19.0,False
X01_PLX_C24_0018_000000,X01_PLX_G01_0006_000000,True,0.5954783533102798,1.0,True
X01_PLX_C24_0018_000000,X01_PLX_P01_0005_000000,True,0.5237641288285714,6.0,False
X01_PLX_C24_0018_000000,X01_PLX_T24_0001_000000,True,0.45637265504813057,16.0,False
X01_PLX_C24_0018_000000,X01_PLX_T24_0002_000000,True,0.4977673955531823,7.0,False
X01_PLX_C24_0018_000000,X01_PLX_T24_0007_000000,True,0.48478979231150254,10.0,False
X01_PLX_C24_0019_000000,X01_PLX_C24_0001_000000,True,0.42477660785784394,18.0,False
X01_PLX_C24_0019_000000,X01_PLX_C24_0002_000000,True,0.4131189153904059,20.0,False
X01_PLX_C24_0019_000000,X01_PLX_C24_0007_000000,True,0.4440095806135886,13.0,False
X01_PLX_C24_0019_000000,X01_PLX_C24_0008_000000,True,0.4733545013457506,8.0,False
X01_PLX_C24_0019_000000,X01_PLX_C24_0009_000000,True,0.41482943414977624,19.0,False
X01_PLX_C24_0019_000000,X01_PLX_C24_0010_000000,True,0.5122897359713257,4.0,True
X01_PLX_C24_0019_000000,X01_PLX_C24_0014_000000,True,0.4042357255284623,23.0,False
X01_PLX_C24_0019_000000,X01_PLX_C24_0015_000000,True,0.4062721475091733,22.0,False
X01_PLX_C24_0019_000000,X01_PLX_C24_0018_000000,True,0.609365273433641,1.0,True
X01_PLX_C24_0019_000000,X01_PLX_C24_0019_000000,False,0.43311664994781707,15.0,False
X01_PLX_C24_0019_000000,X01_PLX_C24_0020_000000,True,0.5037895819957676,5.0,False
X01_PLX_C24_0019_000000,X01_PLX_C24_0021_000000,True,0.4728824735163211,9.0,False
X01_PLX_C24_0019_000000,X01_PLX_C24_0022_000000,True,0.4438590973687207,14.0,False
X01_PLX_C24_0019_000000,X01_PLX_C24_0023_000000,True,0.396589441859656,25.0,False
X01_PLX_C24_0019_000000,X01_PLX_C24_0024_000000,True,0.3994863818092136,24.0,False
X01_PLX_C24_0019_000000,X01_PLX_C24_0026_000000,True,0.4483311309145439,11.0,False
X01_PLX_C24_0019_000000,X01_PLX_G01_0002_000000,True,0.4286979041370855,16.0,False
X01_PLX_C24_0019_000000,X01_PLX_G01_0003_000000,True,0.5701459865234797,3.0,True
X01_PLX_C24_0019_000000,X01_PLX_G01_0004_000000,True,0.4471264920353646,12.0,False
X01_PLX_C24_0019_000000,X01_PLX_G01_0005_000000,True,0.40945677560903754,21.0,False
X01_PLX_C24_0019_000000,X01_PLX_G01_0006_000000,True,0.5946332646225408,2.0,True
X01_PLX_C24_0019_000000,X01_PLX_P01_0005_000000,True,0.5033144459293172,6.0,False
X01_PLX_C24_0019_000000,X01_PLX_T24_0001_000000,True,0.428026501743238,17.0,False
X01_PLX_C24_0019_000000,X01_PLX_T24_0002_000000,True,0.47251987367693893,10.0,False
X01_PLX_C24_0019_000000,X01_PLX_T24_0007_000000,True,0.47976387886617333,7.0,False
X01_PLX_C24_0020_000000,X01_PLX_C24_0001_000000,True,0.42922139422874883,17.0,False
X01_PLX_C24_0020_000000,X01_PLX_C24_0002_000000,True,0.42075989733790337,19.0,False
X01_PLX_C24_0020_000000,X01_PLX_C24_0007_000000,True,0.4488248197231249,13.0,False
X01_PLX_C24_0020_000000,X01_PLX_C24_0008_000000,True,0.4795599535218186,8.0,False
X01_PLX_C24_0020_000000,X01_PLX_C24_0009_000000,True,0.4295341065736582,16.0,False
X01_PLX_C24_0020_000000,X01_PLX_C24_0010_000000,True,0.521038391021998,4.0,True
X01_PLX_C24_0020_000000,X01_PLX_C24_0014_000000,True,0.40032668264105087,25.0,False
X01_PLX_C24_0020_000000,X01_PLX_C24_0015_000000,True,0.41327321724063515,21.0,False
X01_PLX_C24_0020_000000,X01_PLX_C24_0018_000000,True,0.6305448944092328,1.0,True
X01_PLX_C24_0020_000000,X01_PLX_C24_0019_000000,True,0.4181056415089154,20.0,False
X01_PLX_C24_0020_000000,X01_PLX_C24_0020_000000,False,0.5019291547026495,6.0,False
X01_PLX_C24_0020_000000,X01_PLX_C24_0021_000000,True,0.4882948295401106,7.0,False
X01_PLX_C24_0020_000000,X01_PLX_C24_0022_000000,True,0.45064049886716673,12.0,False
X01_PLX_C24_0020_000000,X01_PLX_C24_0023_000000,True,0.4050637106319875,24.0,False
X01_PLX_C24_0020_000000,X01_PLX_C24_0024_000000,True,0.4085830940687807,23.0,False
X01_PLX_C24_0020_000000,X01_PLX_C24_0026_000000,True,0.4546686194519204,11.0,False
X01_PLX_C24_0020_000000,X01_PLX_G01_0002_000000,True,0.42528261300209474,18.0,False
X01_PLX_C24_0020_000000,X01_PLX_G01_0003_000000,True,0.5765636989299454,3.0,True
X01_PLX_C24_0020_000000,X01_PLX_G01_0004_000000,True,0.4486980099167469,14.0,False
X01_PLX_C24_0020_000000,X01_PLX_G01_0005_000000,True,0.4129650822434677,22.0,False
X01_PLX_C24_0020_000000,X01_PLX_G01_0006_000000,True,0.5990066519994125,2.0,True
X01_PLX_C24_0020_000000,X01_PLX_P01_0005_000000,True,0.5061415401731096,5.0,False
X01_PLX_C24_0020_000000,X01_PLX_T24_0001_000000,True,0.43833322718655365,15.0,False
X01_PLX_C24_0020_000000,X01_PLX_T24_0002_000000,True,0.476101007694858,10.0,False
X01_PLX_C24_0020_000000,X01_PLX_T24_0007_000000,True,0.47885688245989183,9.0,False
X01_PLX_C24_0021_000000,X01_PLX_C24_0001_000000,True,0.42604952611375374,16.0,False
X01_PLX_C24_0021_000000,X01_PLX_C24_0002_000000,True,0.4120852334153789,20.0,False
X01_PLX_C24_0021_000000,X01_PLX_C24_0007_000000,True,0.44509757639356307,13.0,False
X01_PLX_C24_0021_000000,X01_PLX_C24_0008_000000,True,0.46876841125633334,11.0,False
X01_PLX_C24_0021_000000,X01_PLX_C24_0009_000000,True,0.4179993144992737,19.0,False
X01_PLX_C24_0021_000000,X01_PLX_C24_0010_000000,True,0.5259020756911377,4.0,True
X01_PLX_C24_0021_000000,X01_PLX_C24_0014_000000,True,0.39584701115941534,25.0,False
X01_PLX_C24_0021_000000,X01_PLX_C24_0015_000000,True,0.4115246907163765,21.0,False
X01_PLX_C24_0021_000000,X01_PLX_C24_0018_000000,True,0.6134087602567366,1.0,True
X01_PLX_C24_0021_000000,X01_PLX_C24_0019_000000,True,0.4186434578102394,18.0,False
X01_PLX_C24_0021_000000,X01_PLX_C24_0020_000000,True,0.5234559889189911,5.0,False
X01_PLX_C24_0021_000000,X01_PLX_C24_0021_000000,False,0.49443622658954284,7.0,False
X01_PLX_C24_0021_000000,X01_PLX_C24_0022_000000,True,0.46982770296818904,10.0,False
X01_PLX_C24_0021_000000,X01_PLX_C24_0023_000000,True,0.39626021495264996,24.0,False
X01_PLX_C24_0021_000000,X01_PLX_C24_0024_000000,True,0.40125751130974413,23.0,False
X01_PLX_C24_0021_000000,X01_PLX_C24_0026_000000,True,0.4451898627947485,12.0,False
X01_PLX_C24_0021_000000,X01_PLX_G01_0002_000000,True,0.42574587094545757,17.0,False
X01_PLX_C24_0021_000000,X01_PLX_G01_0003_000000,True,0.5686196345943928,3.0,True
X01_PLX_C24_0021_000000,X01_PLX_G01_0004_000000,True,0.44331749748028015,14.0,False
X01_PLX_C24_0021_000000,X01_PLX_G01_0005_000000,True,0.4068004421715409,22.0,False
X01_PLX_C24_0021_000000,X01_PLX_G01_0006_000000,True,0.5894928336737855,2.0,True
X01_PLX_C24_0021_000000,X01_PLX_P01_0005_000000,True,0.5003759180300597,6.0,False
X01_PLX_C24_0021_000000,X01_PLX_T24_0001_000000,True,0.42690579349166424,15.0,False
X01_PLX_C24_0021_000000,X01_PLX_T24_0002_000000,True,0.4734057556041851,8.0,False
X01_PLX_C24_0021_000000,X01_PLX_T24_0007_000000,True,0.47299611255269985,9.0,False
X01_PLX_C24_0022_000000,X01_PLX_C24_0001_000000,True,0.42267717850751574,17.0,False
X01_PLX_C24_0022_000000,X01_PLX_C24_0002_000000,True,0.4148468810169828,20.0,False
X01_PLX_C24_0022_000000,X01_PLX_C24_0007_000000,True,0.44426609326279287,13.0,False
X01_PLX_C24_0022_000000,X01_PLX_C24_0008_000000,True,0.46818324992240057,10.0,False
X01_PLX_C24_0022_000000,X01_PLX_C24_0009_000000,True,0.4190455300027674,18.0,False
X01_PLX_C24_0022_000000,X01_PLX_C24_0010_000000,True,0.5204292103043452,4.0,True
X01_PLX_C24_0022_000000,X01_PLX_C24_0014_000000,True,0.3974317901654865,25.0,False
X01_PLX_C24_0022_000000,X01_PLX_C24_0015_000000,True,0.40874868459422564,21.0,False
X01_PLX_C24_0022_000000,X01_PLX_C24_0018_000000,True,0.6135566876566884,1.0,True
X01_PLX_C24_0022_000000,X01_PLX_C24_0019_000000,True,0.4174874499498099,19.0,False
X01_PLX_C24_0022_000000,X01_PLX_C24_0020_000000,True,0.5160571787913039,5.0,False
X01_PLX_C24_0022_000000,X01_PLX_C24_0021_000000,True,0.4843309740972759,7.0,False
X01_PLX_C24_0022_000000,X01_PLX_C24_0022_000000,False,0.4632643310402363,11.0,False
X01_PLX_C24_0022_000000,X01_PLX_C24_0023_000000,True,0.40036026292190646,24.0,False
X01_PLX_C24_0022_000000,X01_PLX_C24_0024_000000,True,0.4058824481656608,23.0,False
X01_PLX_C24_0022_000000,X01_PLX_C24_0026_000000,True,0.4440142977557907,14.0,False
X01_PLX_C24_0022_000000,X01_PLX_G01_0002_000000,True,0.4248650936625114,16.0,False
X01_PLX_C24_0022_000000,X01_PLX_G01_0003_000000,True,0.5716126056610954,3.0,True
X01_PLX_C24_0022_000000,X01_PLX_G01_0004_000000,True,0.4453991466175795,12.0,False
X01_PLX_C24_0022_000000,X01_PLX_G01_0005_000000,True,0.40740598191217137,22.0,False
X01_PLX_C24_0022_000000,X01_PLX_G01_0006_000000,True,0.5934424096883002,2.0,True
X01_PLX_C24_0022_000000,X01_PLX_P01_0005_000000,True,0.5007627872675215,6.0,False
X01_PLX_C24_0022_000000,X01_PLX_T24_0001_000000,True,0.42870765047342424,15.0,False
X01_PLX_C24_0022_000000,X01_PLX_T24_0002_000000,True,0.47504998281234023,9.0,False
X01_PLX_C24_0022_000000,X01_PLX_T24_0007_000000,True,0.4755371022590032,8.0,False
X01_PLX_C24_0023_000000,X01_PLX_C24_0001_000000,True,0.424387544069241,17.0,False
X01_PLX_C24_0023_000000,X01_PLX_C24_0002_000000,True,0.41452150971787843,20.0,False
X01_PLX_C24_0023_000000,X01_PLX_C24_0007_000000,True,0.44761327845541354,12.0,False
X01_PLX_C24_0023_000000,X01_PLX_C24_0008_000000,True,0.46914779238949167,10.0,False
X01_PLX_C24_0023_000000,X01_PLX_C24_0009_000000,True,0.4201513268881504,18.0,False
X01_PLX_C24_0023_000000,X01_PLX_C24_0010_000000,True,0.5158245339491829,4.0,True
X01_PLX_C24_0023_000000,X01_PLX_C24_0014_000000,True,0.3999312676059708,25.0,False
X01_PLX_C24_0023_000000,X01_PLX_C24_0015_000000,True,0.4093439655255791,23.0,False
X01_PLX_C24_0023_000000,X01_PLX_C24_0018_000000,True,0.6101417764263659,1.0,True
X01_PLX_C24_0023_000000,X01_PLX_C24_0019_000000,True,0.41561902711198745,19.0,False
X01_PLX_C24_0023_000000,X01_PLX_C24_0020_000000,True,0.5146951179035241,5.0,False
X01_PLX_C24_0023_000000,X01_PLX_C24_0021_000000,True,0.4750936002912005,8.0,False
X01_PLX_C24_0023_000000,X01_PLX_C24_0022_000000,True,0.4506266022177911,11.0,False
X01_PLX_C24_0023_000000,X01_PLX_C24_0023_000000,False,0.41144760816128606,22.0,False
X01_PLX_C24_0023_000000,X01_PLX_C24_0024_000000,True,0.4133130876453848,21.0,False
X01_PLX_C24_0023_000000,X01_PLX_C24_0026_000000,True,0.4412921761885007,14.0,False
X01_PLX_C24_0023_000000,X01_PLX_G01_0002_000000,True,0.4253892226717988,16.0,False
X01_PLX_C24_0023_000000,X01_PLX_G01_0003_000000,True,0.5702934982784692,3.0,True
X01_PLX_C24_0023_000000,X01_PLX_G01_0004_000000,True,0.44495471755367183,13.0,False
X01_PLX_C24_0023_000000,X01_PLX_G01_0005_000000,True,0.4081904426498051,24.0,False
X01_PLX_C24_0023_000000,X01_PLX_G01_0006_000000,True,0.5910501215595753,2.0,True
X01_PLX_C24_0023_000000,X01_PLX_P01_0005_000000,True,0.5032335263981554,6.0,False
X01_PLX_C24_0023_000000,X01_PLX_T24_0001_000000,True,0.4301354278209777,15.0,False
X01_PLX_C24_0023_000000,X01_PLX_T24_0002_000000,True,0.4723232221145727,9.0,False
X01_PLX_C24_0023_000000,X01_PLX_T24_0007_000000,True,0.4751554134843133,7.0,False
X01_PLX_C24_0024_000000,X01_PLX_C24_0001_000000,True,0.4247567927074985,16.0,False
X01_PLX_C24_0024_000000,X01_PLX_C24_0002_000000,True,0.415505184829363,20.0,False
X01_PLX_C24_0024_000000,X01_PLX_C24_0007_000000,True,0.44786085378031165,12.0,False
X01_PLX_C24_0024_000000,X01_PLX_C24_0008_000000,True,0.4682900018476974,10.0,False
X01_PLX_C24_0024_000000,X01_PLX_C24_0009_000000,True,0.4196967363860564,18.0,False
X01_PLX_C24_0024_000000,X01_PLX_C24_0010_000000,True,0.5165460799114984,4.0,True
X01_PLX_C24_0024_000000,X01_PLX_C24_0014_000000,True,0.39986495266845606,25.0,False
X01_PLX_C24_0024_000000,X01_PLX_C24_0015_000000,True,0.4082922575673438,22.0,False
X01_PLX_C24_0024_000000,X01_PLX_C24_0018_000000,True,0.6109774469901209,1.0,True
X01_PLX_C24_0024_000000,X01_PLX_C24_0019_000000,True,0.4156374041956253,19.0,False
X01_PLX_C24_0024_000000,X01_PLX_C24_0020_000000,True,0.5141853473666049,5.0,False
X01_PLX_C24_0024_000000,X01_PLX_C24_0021_000000,True,0.4745971567639932,9.0,False
X01_PLX_C24_0024_000000,X01_PLX_C24_0022_000000,True,0.4517095167502622,11.0,False
X01_PLX_C24_0024_000000,X01_PLX_C24_0023_000000,True,0.4057737830179916,24.0,False
X01_PLX_C24_0024_000000,X01_PLX_C24_0024_000000,False,0.4152240633171237,21.0,False
X01_PLX_C24_0024_000000,X01_PLX_C24_0026_000000,True,0.4407221583477628,14.0,False
X01_PLX_C24_0024_000000,X01_PLX_G01_0002_000000,True,0.42388772341648423,17.0,False
X01_PLX_C24_0024_000000,X01_PLX_G01_0003_000000,True,0.5680519294900129,3.0,True
X01_PLX_C24_0024_000000,X01_PLX_G01_0004_000000,True,0.44452497808541774,13.0,False
X01_PLX_C24_0024_000000,X01_PLX_G01_0005_000000,True,0.40814680662713143,23.0,False
X01_PLX_C24_0024_000000,X01_PLX_G01_0006_000000,True,0.5898285505676854,2.0,True
X01_PLX_C24_0024_000000,X01_PLX_P01_0005_000000,True,0.5029102241468075,6.0,False
X01_PLX_C24_0024_000000,X01_PLX_T24_0001_000000,True,0.42887856064918245,15.0,False
X01_PLX_C24_0024_000000,X01_PLX_T24_0002_000000,True,0.47530412835753716,7.0,False
X01_PLX_C24_0024_000000,X01_PLX_T24_0007_000000,True,0.47520371091346636,8.0,False
X01_PLX_C24_0026_000000,X01_PLX_C24_0001_000000,True,0.4303745465689038,17.0,False
X01_PLX_C24_0026_000000,X01_PLX_C24_0002_000000,True,0.41447539883716567,21.0,False
X01_PLX_C24_0026_000000,X01_PLX_C24_0007_000000,True,0.4486829498255473,13.0,False
X01_PLX_C24_0026_000000,X01_PLX_C24_0008_000000,True,0.4762007223748576,9.0,False
X01_PLX_C24_0026_000000,X01_PLX_C24_0009_000000,True,0.4159793589497501,19.0,False
X01_PLX_C24_0026_000000,X01_PLX_C24_0010_000000,True,0.5102392734263353,4.0,True
X01_PLX_C24_0026_000000,X01_PLX_C24_0014_000000,True,0.3995039521351123,22.0,False
X01_PLX_C24_0026_000000,X01_PLX_C24_0015_000000,True,0.399500182846338,23.0,False
X01_PLX_C24_0026_000000,X01_PLX_C24_0018_000000,True,0.607332216182637,1.0,True
X01_PLX_C24_0026_000000,X01_PLX_C24_0019_000000,True,0.4266342348487877,18.0,False
X01_PLX_C24_0026_000000,X01_PLX_C24_0020_000000,True,0.5080996986936042,5.0,False
X01_PLX_C24_0026_000000,X01_PLX_C24_0021_000000,True,0.46702703717939836,10.0,False
X01_PLX_C24_0026_000000,X01_PLX_C24_0022_000000,True,0.44587300041438527,14.0,False
X01_PLX_C24_0026_000000,X01_PLX_C24_0023_000000,True,0.39484883792403286,25.0,False
X01_PLX_C24_0026_000000,X01_PLX_C24_0024_000000,True,0.39811042211069986,24.0,False
X01_PLX_C24_0026_000000,X01_PLX_C24_0026_000000,False,0.45494651425834265,11.0,False
X01_PLX_C24_0026_000000,X01_PLX_G01_0002_000000,True,0.4351818814718682,15.0,False
X01_PLX_C24_0026_000000,X01_PLX_G01_0003_000000,True,0.5774635762951628,3.0,True
X01_PLX_C24_0026_000000,X01_PLX_G01_0004_000000,True,0.45154149945107813,12.0,False
X01_PLX_C24_0026_000000,X01_PLX_G01_0005_000000,True,0.4156001016503161,20.0,False
X01_PLX_C24_0026_000000,X01_PLX_G01_0006_000000,True,0.5865864946724897,2.0,True
X01_PLX_C24_0026_000000,X01_PLX_P01_0005_000000,True,0.5049794147473288,6.0,False
X01_PLX_C24_0026_000000,X01_PLX_T24_0001_000000,True,0.4308708410925254,16.0,False
X01_PLX_C24_0026_000000,X01_PLX_T24_0002_000000,True,0.47657341762361694,8.0,False
X01_PLX_C24_0026_000000,X01_PLX_T24_0007_000000,True,0.4840010437279492,7.0,False
X01_PLX_G01_0002_000000,X01_PLX_C24_0001_000000,True,0.428981990944203,17.0,False
X01_PLX_G01_0002_000000,X01_PLX_C24_0002_000000,True,0.41567255522045754,20.0,False
X01_PLX_G01_0002_000000,X01_PLX_C24_0007_000000,True,0.4532248218899469,12.0,False
X01_PLX_G01_0002_000000,X01_PLX_C24_0008_000000,True,0.48328517479246247,8.0,False
X01_PLX_G01_0002_000000,X01_PLX_C24_0009_000000,True,0.41885327226675184,19.0,False
X01_PLX_G01_0002_000000,X01_PLX_C24_0010_000000,True,0.513383131078214,4.0,True
X01_PLX_G01_0002_000000,X01_PLX_C24_0014_000000,True,0.39333156623707216,25.0,False
X01_PLX_G01_0002_000000,X01_PLX_C24_0015_000000,True,0.39748495064118966,23.0,False
X01_PLX_G01_0002_000000,X01_PLX_C24_0018_000000,True,0.6126841319417984,1.0,True
X01_PLX_G01_0002_000000,X01_PLX_C24_0019_000000,True,0.41202554209644365,21.0,False
X01_PLX_G01_0002_000000,X01_PLX_C24_0020_000000,True,0.5046367205839888,6.0,False
X01_PLX_G01_0002_000000,X01_PLX_C24_0021_000000,True,0.46636465080895234,10.0,False
X01_PLX_G01_0002_000000,X01_PLX_C24_0022_000000,True,0.44327985359447125,14.0,False
X01_PLX_G01_0002_000000,X01_PLX_C24_0023_000000,True,0.39645866930564044,24.0,False
X01_PLX_G01_0002_000000,X01_PLX_C24_0024_000000,True,0.39822658255190646,22.0,False
X01_PLX_G01_0002_000000,X01_PLX_C24_0026_000000,True,0.4354078822726006,16.0,False
X01_PLX_G01_0002_000000,X01_PLX_G01_0002_000000,False,0.4452235621155569,13.0,False
X01_PLX_G01_0002_000000,X01_PLX_G01_0003_000000,True,0.5676823970566914,3.0,True
X01_PLX_G01_0002_000000,X01_PLX_G01_0004_000000,True,0.4584504037976137,11.0,False
X01_PLX_G01_0002_000000,X01_PLX_G01_0005_000000,True,0.4204081076155914,18.0,False
X01_PLX_G01_0002_000000,X01_PLX_G01_0006_000000,True,0.5834647285601394,2.0,True
X01_PLX_G01_0002_000000,X01_PLX_P01_0005_000000,True,0.5115276367741576,5.0,False
X01_PLX_G01_0002_000000,X01_PLX_T24_0001_000000,True,0.43543597925661226,15.0,False
X01_PLX_G01_0002_000000,X01_PLX_T24_0002_000000,True,0.4842737093425928,7.0,False
X01_PLX_G01_0002_000000,X01_PLX_T24_0007_000000,True,0.474073373200105,9.0,False
X01_PLX_G01_0003_000000,X01_PLX_C24_0001_000000,True,0.4343932359328756,16.0,False
X01_PLX_G01_0003_000000,X01_PLX_C24_0002_000000,True,0.41729870417266957,21.0,False
X01_PLX_G01_0003_000000,X01_PLX_C24_0007_000000,True,0.4659762405720985,12.0,False
X01_PLX_G01_0003_000000,X01_PLX_C24_0008_000000,True,0.48947695001760305,9.0,False
X01_PLX_G01_0003_000000,X01_PLX_C24_0009_000000,True,0.42321374738655165,20.0,False
X01_PLX_G01_0003_000000,X01_PLX_C24_0010_000000,True,0.5139533989449279,5.0,True
X01_PLX_G01_0003_000000,X01_PLX_C24_0014_000000,True,0.40925440831718196,23.0,False
X01_PLX_G01_0003_000000,X01_PLX_C24_0015_000000,True,0.3994420013333264,25.0,False
X01_PLX_G01_0003_000000,X01_PLX_C24_0018_000000,True,0.6168073695665566,1.0,True
X01_PLX_G01_0003_000000,X01_PLX_C24_0019_000000,True,0.43471712925992523,15.0,False
X01_PLX_G01_0003_000000,X01_PLX_C24_0020_000000,True,0.5249668455448391,4.0,True
X01_PLX_G01_0003_000000,X01_PLX_C24_0021_000000,True,0.4749948944809514,10.0,False
X01_PLX_G01_0003_000000,X01_PLX_C24_0022_000000,True,0.4746420091163188,11.0,False
X01_PLX_G01_0003_000000,X01_PLX_C24_0023_000000,True,0.3995162941656553,24.0,False
X01_PLX_G01_0003_000000,X01_PLX_C24_0024_000000,True,0.41632137789884877,22.0,False
X01_PLX_G01_0003_000000,X01_PLX_C24_0026_000000,True,0.45176639530401413,14.0,False
X01_PLX_G01_0003_000000,X01_PLX_G01_0002_000000,True,0.4300628830407205,18.0,False
X01_PLX_G01_0003_000000,X01_PLX_G01_0003_000000,False,0.5626393140601745,3.0,True
X01_PLX_G01_0003_000000,X01_PLX_G01_0004_000000,True,0.45936157570107905,13.0,False
X01_PLX_G01_0003_000000,X01_PLX_G01_0005_000000,True,0.42477483086307216,19.0,False
X01_PLX_G01_0003_000000,X01_PLX_G01_0006_000000,True,0.5894382751096822,2.0,True
X01_PLX_G01_0003_000000,X01_PLX_P01_0005_000000,True,0.5096807750375802,6.0,False
X01_PLX_G01_0003_000000,X01_PLX_T24_0001_000000,True,0.4311708020635584,17.0,False
X01_PLX_G01_0003_000000,X01_PLX_T24_0002_000000,True,0.4898843342911785,8.0,False
X01_PLX_G01_0003_000000,X01_PLX_T24_0007_000000,True,0.5027841958231175,7.0,False
X01_PLX_G01_0004_000000,X01_PLX_C24_0001_000000,True,0.43333819845069127,16.0,False
X01_PLX_G01_0004_000000,X01_PLX_C24_0002_000000,True,0.4149811877331776,19.0,False
X01_PLX_G01_0004_000000,X01_PLX_C24_0007_000000,True,0.4578343575761401,12.0,False
X01_PLX_G01_0004_000000,X01_PLX_C24_0008_000000,True,0.48838489871049695,7.0,False
X01_PLX_G01_0004_000000,X01_PLX_C24_0009_000000,True,0.41455061218369915,20.0,False
X01_PLX_G01_0004_000000,X01_PLX_C24_0010_000000,True,0.5116661433180313,4.0,True
X01_PLX_G01_0004_000000,X01_PLX_C24_0014_000000,True,0.3924261204238377,25.0,False
X01_PLX_G01_0004_000000,X01_PLX_C24_0015_000000,True,0.3965909347495887,23.0,False
X01_PLX_G01_0004_000000,X01_PLX_C24_0018_000000,True,0.6082055845164421,1.0,True
X01_PLX_G01_0004_000000,X01_PLX_C24_0019_000000,True,0.4135833036111075,21.0,False
X01_PLX_G01_0004_000000,X01_PLX_C24_0020_000000,True,0.5005919262389412,6.0,False
X01_PLX_G01_0004_000000,X01_PLX_C24_0021_000000,True,0.4656360078084176,11.0,False
X01_PLX_G01_0004_000000,X01_PLX_C24_0022_000000,True,0.44064554984381915,13.0,False
X01_PLX_G01_0004_000000,X01_PLX_C24_0023_000000,True,0.3951103626855076,24.0,False
X01_PLX_G01_0004_000000,X01_PLX_C24_0024_000000,True,0.39932698336631733,22.0,False
X01_PLX_G01_0004_000000,X01_PLX_C24_0026_000000,True,0.4335468086422908,14.0,False
X01_PLX_G01_0004_000000,X01_PLX_G01_0002_000000,True,0.43336193280345725,15.0,False
X01_PLX_G01_0004_000000,X01_PLX_G01_0003_000000,True,0.5727127923737408,3.0,True
X01_PLX_G01_0004_000000,X01_PLX_G01_0004_000000,False,0.46610128203963186,10.0,False
X01_PLX_G01_0004_000000,X01_PLX_G01_0005_000000,True,0.41713226965013706,18.0,False
X01_PLX_G01_0004_000000,X01_PLX_G01_0006_000000,True,0.5904607158431242,2.0,True
X01_PLX_G01_0004_000000,X01_PLX_P01_0005_000000,True,0.5081097603265614,5.0,False
X01_PLX_G01_0004_000000,X01_PLX_T24_0001_000000,True,0.4302425335848377,17.0,False
X01_PLX_G01_0004_000000,X01_PLX_T24_0002_000000,True,0.48087429868265286,8.0,False
X01_PLX_G01_0004_000000,X01_PLX_T24_0007_000000,True,0.47400163479535584,9.0,False
X01_PLX_G01_0005_000000,X01_PLX_C24_0001_000000,True,0.42902190686211694,17.0,False
X01_PLX_G01_0005_000000,X01_PLX_C24_0002_000000,True,0.4205866313832428,19.0,False
X01_PLX_G01_0005_000000,X01_PLX_C24_0007_000000,True,0.45045575388885517,12.0,False
X01_PLX_G01_0005_000000,X01_PLX_C24_0008_000000,True,0.4813121661916454,7.0,False
X01_PLX_G01_0005_000000,X01_PLX_C24_0009_000000,True,0.4178570385473977,20.0,False
X01_PLX_G01_0005_000000,X01_PLX_C24_0010_000000,True,0.5162254268698816,4.0,True
X01_PLX_G01_0005_000000,X01_PLX_C24_0014_000000,True,0.3983841842226159,23.0,False
X01_PLX_G01_0005_000000,X01_PLX_C24_0015_000000,True,0.39973309919484323,22.0,False
X01_PLX_G01_0005_000000,X01_PLX_C24_0018_000000,True,0.6129081847805219,1.0,True
X01_PLX_G01_0005_000000,X01_PLX_C24_0019_000000,True,0.41579307791764936,21.0,False
X01_PLX_G01_0005_000000,X01_PLX_C24_0020_000000,True,0.5040167126782475,5.0,False
X01_PLX_G01_0005_000000,X01_PLX_C24_0021_000000,True,0.46773460130920175,10.0,False
X01_PLX_G01_0005_000000,X01_PLX_C24_0022_000000,True,0.44682944208786857,13.0,False
X01_PLX_G01_0005_000000,X01_PLX_C24_0023_000000,True,0.3920374926520545,25.0,False
X01_PLX_G01_0005_000000,X01_PLX_C24_0024_000000,True,0.3981740663932846,24.0,False
X01_PLX_G01_0005_000000,X01_PLX_C24_0026_000000,True,0.4431449631600625,14.0,False
X01_PLX_G01_0005_000000,X01_PLX_G01_0002_000000,True,0.4300246371853605,16.0,False
X01_PLX_G01_0005_000000,X01_PLX_G01_0003_000000,True,0.5690322675083987,3.0,True
X01_PLX_G01_0005_000000,X01_PLX_G01_0004_000000,True,0.45202643661393394,11.0,False
X01_PLX_G01_0005_000000,X01_PLX_G01_0005_000000,False,0.4247817080632377,18.0,False
X01_PLX_G01_0005_000000,X01_PLX_G01_0006_000000,True,0.5837580241795065,2.0,True
X01_PLX_G01_0005_000000,X01_PLX_P01_0005_000000,True,0.5006344307611319,6.0,False
X01_PLX_G01_0005_000000,X01_PLX_T24_0001_000000,True,0.4337502890269632,15.0,False
X01_PLX_G01_0005_000000,X01_PLX_T24_0002_000000,True,0.4804137302469585,8.0,False
X01_PLX_G01_0005_000000,X01_PLX_T24_0007_000000,True,0.47629816224697263,9.0,False
X01_PLX_G01_0006_000000,X01_PLX_C24_0001_000000,True,0.4447449466863702,15.0,False
X01_PLX_G01_0006_000000,X01_PLX_C24_0002_000000,True,0.4283834377336158,22.0,False
X01_PLX_G01_0006_000000,X01_PLX_C24_0007_000000,True,0.4510013895323762,14.0,False
X01_PLX_G01_0006_000000,X01_PLX_C24_0008_000000,True,0.4936710427610222,8.0,False
X01_PLX_G01_0006_000000,X01_PLX_C24_0009_000000,True,0.43556491391463215,18.0,False
X01_PLX_G01_0006_000000,X01_PLX_C24_0010_000000,True,0.5234091883194804,5.0,False
X01_PLX_G01_0006_000000,X01_PLX_C24_0014_000000,True,0.41313665850572884,24.0,False
X01_PLX_G01_0006_000000,X01_PLX_C24_0015_000000,True,0.4284482482482481,21.0,False
X01_PLX_G01_0006_000000,X01_PLX_C24_0018_000000,True,0.6290758282326387,1.0,True
X01_PLX_G01_0006_000000,X01_PLX_C24_0019_000000,True,0.4336249311044805,19.0,False
X01_PLX_G01_0006_000000,X01_PLX_C24_0020_000000,True,0.5328194657117588,3.0,True
X01_PLX_G01_0006_000000,X01_PLX_C24_0021_000000,True,0.5208424541465261,6.0,False
X01_PLX_G01_0006_000000,X01_PLX_C24_0022_000000,True,0.4606340448625289,11.0,False
X01_PLX_G01_0006_000000,X01_PLX_C24_0023_000000,True,0.408827761325168,25.0,False
X01_PLX_G01_0006_000000,X01_PLX_C24_0024_000000,True,0.423021390727117,23.0,False
X01_PLX_G01_0006_000000,X01_PLX_C24_0026_000000,True,0.45465340928768455,12.0,False
X01_PLX_G01_0006_000000,X01_PLX_G01_0002_000000,True,0.43987598073986434,17.0,False
X01_PLX_G01_0006_000000,X01_PLX_G01_0003_000000,True,0.5848932505432739,2.0,True
X01_PLX_G01_0006_000000,X01_PLX_G01_0004_000000,True,0.4534794516564025,13.0,False
X01_PLX_G01_0006_000000,X01_PLX_G01_0005_000000,True,0.43261040507346304,20.0,False
X01_PLX_G01_0006_000000,X01_PLX_G01_0006_000000,False,0.5003091742129395,7.0,False
X01_PLX_G01_0006_000000,X01_PLX_P01_0005_000000,True,0.5314758542734107,4.0,True
X01_PLX_G01_0006_000000,X01_PLX_T24_0001_000000,True,0.443010295328209,16.0,False
X01_PLX_G01_0006_000000,X01_PLX_T24_0002_000000,True,0.4813441895974465,9.0,False
X01_PLX_G01_0006_000000,X01_PLX_T24_0007_000000,True,0.48124672608194574,10.0,False
X01_PLX_P01_0005_000000,X01_PLX_C24_0001_000000,True,0.43222699675384774,17.0,False
X01_PLX_P01_0005_000000,X01_PLX_C24_0002_000000,True,0.4197223675841831,20.0,False
X01_PLX_P01_0005_000000,X01_PLX_C24_0007_000000,True,0.46201897792547253,12.0,False
X01_PLX_P01_0005_000000,X01_PLX_C24_0008_000000,True,0.4836297545158542,8.0,False
X01_PLX_P01_0005_000000,X01_PLX_C24_0009_000000,True,0.42002498070368777,19.0,False
X01_PLX_P01_0005_000000,X01_PLX_C24_0010_000000,True,0.518418450301296,4.0,True
X01_PLX_P01_0005_000000,X01_PLX_C24_0014_000000,True,0.3972185147249751,23.0,False
X01_PLX_P01_0005_000000,X01_PLX_C24_0015_000000,True,0.3972363514063189,22.0,False
X01_PLX_P01_0005_000000,X01_PLX_C24_0018_000000,True,0.6082896439982287,1.0,True
X01_PLX_P01_0005_000000,X01_PLX_C24_0019_000000,True,0.41531458700711876,21.0,False
X01_PLX_P01_0005_000000,X01_PLX_C24_0020_000000,True,0.5097201430038427,5.0,False
X01_PLX_P01_0005_000000,X01_PLX_C24_0021_000000,True,0.46362555603772587,10.0,False
X01_PLX_P01_0005_000000,X01_PLX_C24_0022_000000,True,0.45506167058150854,13.0,False
X01_PLX_P01_0005_000000,X01_PLX_C24_0023_000000,True,0.38815238664387003,25.0,False
X01_PLX_P01_0005_000000,X01_PLX_C24_0024_000000,True,0.3970353048803539,24.0,False
X01_PLX_P01_0005_000000,X01_PLX_C24_0026_000000,True,0.4433450386175752,14.0,False
X01_PLX_P01_0005_000000,X01_PLX_G01_0002_000000,True,0.4431460173156219,15.0,False
X01_PLX_P01_0005_000000,X01_PLX_G01_0003_000000,True,0.5865044962714446,3.0,True
X01_PLX_P01_0005_000000,X01_PLX_G01_0004_000000,True,0.46280152845510614,11.0,False
X01_PLX_P01_0005_000000,X01_PLX_G01_0005_000000,True,0.4210503358046973,18.0,False
X01_PLX_P01_0005_000000,X01_PLX_G01_0006_000000,True,0.5946581927688764,2.0,True
X01_PLX_P01_0005_000000,X01_PLX_P01_0005_000000,False,0.4898169325062301,7.0,False
X01_PLX_P01_0005_000000,X01_PLX_T24_0001_000000,True,0.43865470298898523,16.0,False
X01_PLX_P01_0005_000000,X01_PLX_T24_0002_000000,True,0.49176313413269473,6.0,False
X01_PLX_P01_0005_000000,X01_PLX_T24_0007_000000,True,0.4789782615280482,9.0,False
X01_PLX_T24_0001_000000,X01_PLX_C24_0001_000000,True,0.43466866592325826,16.0,False
X01_PLX_T24_0001_000000,X01_PLX_C24_0002_000000,True,0.4323477980103084,17.0,False
X01_PLX_T24_0001_000000,X01_PLX_C24_0007_000000,True,0.4462364122585969,11.0,False
X01_PLX_T24_0001_000000,X01_PLX_C24_0008_000000,True,0.4673208147257956,10.0,False
X01_PLX_T24_0001_000000,X01_PLX_C24_0009_000000,True,0.4210671310778328,19.0,False
X01_PLX_T24_0001_000000,X01_PLX_C24_0010_000000,True,0.5158231512908282,5.0,False
X01_PLX_T24_0001_000000,X01_PLX_C24_0014_000000,True,0.39444761814232837,24.0,False
X01_PLX_T24_0001_000000,X01_PLX_C24_0015_000000,True,0.4013574184252182,22.0,False
X01_PLX_T24_0001_000000,X01_PLX_C24_0018_000000,True,0.6138523284530669,1.0,True
X01_PLX_T24_0001_000000,X01_PLX_C24_0019_000000,True,0.41416995799000395,20.0,False
X01_PLX_T24_0001_000000,X01_PLX_C24_0020_000000,True,0.5224172870347836,4.0,True
X01_PLX_T24_0001_000000,X01_PLX_C24_0021_000000,True,0.4750844531201097,7.0,False
X01_PLX_T24_0001_000000,X01_PLX_C24_0022_000000,True,0.4437177756963431,14.0,False
X01_PLX_T24_0001_000000,X01_PLX_C24_0023_000000,True,0.3933263231000872,25.0,False
X01_PLX_T24_0001_000000,X01_PLX_C24_0024_000000,True,0.4011156415159258,23.0,False
X01_PLX_T24_0001_000000,X01_PLX_C24_0026_000000,True,0.4405988011671078,15.0,False
X01_PLX_T24_0001_000000,X01_PLX_G01_0002_000000,True,0.42712708409817485,18.0,False
X01_PLX_T24_0001_000000,X01_PLX_G01_0003_000000,True,0.5624054203905907,3.0,True
X01_PLX_T24_0001_000000,X01_PLX_G01_0004_000000,True,0.4439774129990704,13.0,False
X01_PLX_T24_0001_000000,X01_PLX_G01_0005_000000,True,0.4089771713304226,21.0,False
X01_PLX_T24_0001_000000,X01_PLX_G01_0006_000000,True,0.5929953099793575,2.0,True
X01_PLX_T24_0001_000000,X01_PLX_P01_0005_000000,True,0.5070395504860927,6.0,False
X01_PLX_T24_0001_000000,X01_PLX_T24_0001_000000,False,0.4452442340557765,12.0,False
X01_PLX_T24_0001_000000,X01_PLX_T24_0002_000000,True,0.4741420083794628,8.0,False
X01_PLX_T24_0001_000000,X01_PLX_T24_0007_000000,True,0.4732702807012753,9.0,False
X01_PLX_T24_0002_000000,X01_PLX_C24_0001_000000,True,0.42856599452391964,17.0,False
X01_PLX_T24_0002_000000,X01_PLX_C24_0002_000000,True,0.4145990823395194,20.0,False
X01_PLX_T24_0002_000000,X01_PLX_C24_0007_000000,True,0.4633994628812907,10.0,False
X01_PLX_T24_0002_000000,X01_PLX_C24_0008_000000,True,0.475443642361084,9.0,False
X01_PLX_T24_0002_000000,X01_PLX_C24_0009_000000,True,0.41694262595321074,18.0,False
X01_PLX_T24_0002_000000,X01_PLX_C24_0010_000000,True,0.515108865916946,4.0,True
X01_PLX_T24_0002_000000,X01_PLX_C24_0014_000000,True,0.39650294324663266,24.0,False
X01_PLX_T24_0002_000000,X01_PLX_C24_0015_000000,True,0.39845690415158264,23.0,False
X01_PLX_T24_0002_000000,X01_PLX_C24_0018_000000,True,0.6075162463073277,1.0,True
X01_PLX_T24_0002_000000,X01_PLX_C24_0019_000000,True,0.41619301167816064,19.0,False
X01_PLX_T24_0002_000000,X01_PLX_C24_0020_000000,True,0.5031205925534403,6.0,False
X01_PLX_T24_0002_000000,X01_PLX_C24_0021_000000,True,0.46170350500053503,11.0,False
X01_PLX_T24_0002_000000,X01_PLX_C24_0022_000000,True,0.4422540002605313,13.0,False
X01_PLX_T24_0002_000000,X01_PLX_C24_0023_000000,True,0.393527440782817,25.0,False
X01_PLX_T24_0002_000000,X01_PLX_C24_0024_000000,True,0.3990205184418784,22.0,False
X01_PLX_T24_0002_000000,X01_PLX_C24_0026_000000,True,0.43525669893785396,15.0,False
X01_PLX_T24_0002_000000,X01_PLX_G01_0002_000000,True,0.43199327908399676,16.0,False
X01_PLX_T24_0002_000000,X01_PLX_G01_0003_000000,True,0.5731082962558565,3.0,True
X01_PLX_T24_0002_000000,X01_PLX_G01_0004_000000,True,0.4606131682162942,12.0,False
X01_PLX_T24_0002_000000,X01_PLX_G01_0005_000000,True,0.41209318642517406,21.0,False
X01_PLX_T24_0002_000000,X01_PLX_G01_0006_000000,True,0.5978488607968195,2.0,True
X01_PLX_T24_0002_000000,X01_PLX_P01_0005_000000,True,0.5149319563158564,5.0,False
X01_PLX_T24_0002_000000,X01_PLX_T24_0001_000000,True,0.43763444208752433,14.0,False
X01_PLX_T24_0002_000000,X01_PLX_T24_0002_000000,False,0.49346016206604504,7.0,False
X01_PLX_T24_0002_000000,X01_PLX_T24_0007_000000,True,0.47728190699505496,8.0,False
X01_PLX_T24_0007_000000,X01_PLX_C24_0001_000000,True,0.4274219269556468,15.0,False
X01_PLX_T24_0007_000000,X01_PLX_C24_0002_000000,True,0.41048829439137313,21.0,False
X01_PLX_T24_0007_000000,X01_PLX_C24_0007_000000,True,0.4478712423933508,12.0,False
X01_PLX_T24_0007_000000,X01_PLX_C24_0008_000000,True,0.4748781933304574,9.0,False
X01_PLX_T24_0007_000000,X01_PLX_C24_0009_000000,True,0.4127129194504373,19.0,False
X01_PLX_T24_0007_000000,X01_PLX_C24_0010_000000,True,0.5043497240130637,6.0,False
X01_PLX_T24_0007_000000,X01_PLX_C24_0014_000000,True,0.4009476486887664,23.0,False
X01_PLX_T24_0007_000000,X01_PLX_C24_0015_000000,True,0.39751614562364873,24.0,False
X01_PLX_T24_0007_000000,X01_PLX_C24_0018_000000,True,0.5982920557371906,1.0,True
X01_PLX_T24_0007_000000,X01_PLX_C24_0019_000000,True,0.4244462297683543,18.0,False
X01_PLX_T24_0007_000000,X01_PLX_C24_0020_000000,True,0.5053255784168637,5.0,False
X01_PLX_T24_0007_000000,X01_PLX_C24_0021_000000,True,0.46672443517691864,10.0,False
X01_PLX_T24_0007_000000,X01_PLX_C24_0022_000000,True,0.4442710174779853,13.0,False
X01_PLX_T24_0007_000000,X01_PLX_C24_0023_000000,True,0.396728372065349,25.0,False
X01_PLX_T24_0007_000000,X01_PLX_C24_0024_000000,True,0.40146979487350204,22.0,False
X01_PLX_T24_0007_000000,X01_PLX_C24_0026_000000,True,0.4441388449868885,14.0,False
X01_PLX_T24_0007_000000,X01_PLX_G01_0002_000000,True,0.42714219664276143,16.0,False
X01_PLX_T24_0007_000000,X01_PLX_G01_0003_000000,True,0.5940228830972549,2.0,True
X01_PLX_T24_0007_000000,X01_PLX_G01_0004_000000,True,0.4492320449042538,11.0,False
X01_PLX_T24_0007_000000,X01_PLX_G01_0005_000000,True,0.41094358190581814,20.0,False
X01_PLX_T24_0007_000000,X01_PLX_G01_0006_000000,True,0.5914253339582329,3.0,True
X01_PLX_T24_0007_000000,X01_PLX_P01_0005_000000,True,0.5061774061090848,4.0,True
X01_PLX_T24_0007_000000,X01_PLX_T24_0001_000000,True,0.4249131548776756,17.0,False
X01_PLX_T24_0007_000000,X01_PLX_T24_0002_000000,True,0.4818382452198792,8.0,False
X01_PLX_T24_0007_000000,X01_PLX_T24_0007_000000,False,0.5027438083695249,7.0,False
