omitted_observation_id,n_training_observations,training_anomalies,spearman_rho_vs_full_on_common_observations,spearman_pvalue,held_out_anomaly_score,held_out_rank_among_25,held_out_flagged_by_refit_model
X01_PLX_C24_0001_000000,24,4,0.9808695652173912,3.9615195826153497e-17,0.4415158132623765,16.0,False
X01_PLX_C24_0002_000000,24,4,0.9852173913043477,2.3706547498966405e-18,0.43600764037808515,17.0,False
X01_PLX_C24_0007_000000,24,4,0.9930434782608695,6.159862590432422e-22,0.4640889592820949,11.0,False
X01_PLX_C24_0008_000000,24,4,0.9921739130434782,2.2413639233727378e-21,0.46736641939364776,10.0,False
X01_PLX_C24_0009_000000,24,4,0.9965217391304346,3.056188615140922e-25,0.43752212266337037,15.0,False
X01_PLX_C24_0010_000000,24,4,0.9773913043478261,2.4486857626426426e-16,0.5161200254685437,5.0,True
X01_PLX_C24_0014_000000,24,4,0.9956521739130434,3.543696336165641e-24,0.41055807757732693,21.0,False
X01_PLX_C24_0015_000000,24,4,0.9921739130434782,2.2413639233727378e-21,0.4144608273259158,20.0,False
X01_PLX_C24_0018_000000,24,4,0.9713043478260868,3.2781481236812665e-15,0.5304674201581508,5.0,True
X01_PLX_C24_0019_000000,24,4,0.9869565217391304,6.031378563018417e-19,0.43311664994781707,15.0,False
X01_PLX_C24_0020_000000,24,4,0.9782608695652173,1.5970327847029064e-16,0.5019291547026495,6.0,False
X01_PLX_C24_0021_000000,24,4,0.9843478260869565,4.427774236683389e-18,0.49443622658954284,7.0,False
X01_PLX_C24_0022_000000,24,4,0.9939130434782607,1.4236241665355264e-22,0.4632643310402363,11.0,False
X01_PLX_C24_0023_000000,24,4,0.9895652173913043,5.243549771335645e-20,0.41144760816128606,22.0,False
X01_PLX_C24_0024_000000,24,4,0.9930434782608695,6.159862590432422e-22,0.4152240633171237,21.0,False
X01_PLX_C24_0026_000000,24,4,0.9904347826086956,2.0215736631133658e-20,0.45494651425834265,11.0,False
X01_PLX_G01_0002_000000,24,4,0.988695652173913,1.2597070670121716e-19,0.4452235621155569,13.0,False
X01_PLX_G01_0003_000000,24,4,0.9686956521739128,8.43417125465191e-15,0.5626393140601745,3.0,True
X01_PLX_G01_0004_000000,24,4,0.983478260869565,7.993456335867346e-18,0.46610128203963186,10.0,False
X01_PLX_G01_0005_000000,24,4,0.9930434782608695,6.159862590432422e-22,0.4247817080632377,18.0,False
X01_PLX_G01_0006_000000,24,4,0.9756521739130434,5.488675864896461e-16,0.5003091742129395,7.0,False
X01_PLX_P01_0005_000000,24,4,0.9904347826086956,2.0215736631133658e-20,0.4898169325062301,7.0,False
X01_PLX_T24_0001_000000,24,4,0.9913043478260868,7.113899561244949e-21,0.4452442340557765,12.0,False
X01_PLX_T24_0002_000000,24,4,0.9921739130434782,2.2413639233727378e-21,0.49346016206604504,7.0,False
X01_PLX_T24_0007_000000,24,4,0.9843478260869565,4.427774236683389e-18,0.5027438083695249,7.0,False
