observation_id,included_runs,times_flagged_when_in_training,flag_frequency_when_in_training,mean_rank_when_in_training,min_rank_when_in_training,max_rank_when_in_training,held_out_anomaly_score,held_out_rank_among_25,held_out_flagged
X01_PLX_C24_0018_000000,24,24,1.0,1.0,1.0,1.0,0.5304674201581508,5.0,True
X01_PLX_G01_0006_000000,24,24,1.0,2.0,1.0,3.0,0.5003091742129395,7.0,False
X01_PLX_G01_0003_000000,24,24,1.0,2.875,2.0,3.0,0.5626393140601745,3.0,True
X01_PLX_C24_0010_000000,24,19,0.7916666666666666,4.291666666666667,4.0,6.0,0.5161200254685437,5.0,True
X01_PLX_C24_0020_000000,24,7,0.2916666666666667,4.791666666666667,3.0,6.0,0.5019291547026495,6.0,False
X01_PLX_P01_0005_000000,24,2,0.08333333333333333,5.625,4.0,6.0,0.4898169325062301,7.0,False
X01_PLX_T24_0002_000000,24,0,0.0,8.0,6.0,10.0,0.49346016206604504,7.0,False
X01_PLX_T24_0007_000000,24,0,0.0,8.458333333333334,7.0,10.0,0.5027438083695249,7.0,False
X01_PLX_C24_0021_000000,24,0,0.0,8.833333333333334,6.0,11.0,0.49443622658954284,7.0,False
X01_PLX_C24_0008_000000,24,0,0.0,8.875,7.0,11.0,0.46736641939364776,10.0,False
X01_PLX_G01_0004_000000,24,0,0.0,12.25,11.0,14.0,0.46610128203963186,10.0,False
X01_PLX_C24_0007_000000,24,0,0.0,12.333333333333334,10.0,14.0,0.4640889592820949,11.0,False
X01_PLX_C24_0022_000000,24,0,0.0,12.416666666666666,10.0,15.0,0.4632643310402363,11.0,False
X01_PLX_C24_0026_000000,24,0,0.0,13.875,11.0,16.0,0.45494651425834265,11.0,False
X01_PLX_T24_0001_000000,24,0,0.0,15.375,11.0,17.0,0.4452442340557765,12.0,False
X01_PLX_C24_0001_000000,24,0,0.0,16.583333333333332,15.0,18.0,0.4415158132623765,16.0,False
X01_PLX_G01_0002_000000,24,0,0.0,16.583333333333332,15.0,18.0,0.4452235621155569,13.0,False
X01_PLX_C24_0009_000000,24,0,0.0,18.208333333333332,12.0,20.0,0.43752212266337037,15.0,False
X01_PLX_C24_0019_000000,24,0,0.0,19.5,15.0,21.0,0.43311664994781707,15.0,False
X01_PLX_C24_0002_000000,24,0,0.0,19.875,17.0,22.0,0.43600764037808515,17.0,False
X01_PLX_G01_0005_000000,24,0,0.0,20.541666666666668,18.0,24.0,0.4247817080632377,18.0,False
X01_PLX_C24_0015_000000,24,0,0.0,22.5,21.0,25.0,0.4144608273259158,20.0,False
X01_PLX_C24_0024_000000,24,0,0.0,22.791666666666668,21.0,25.0,0.4152240633171237,21.0,False
X01_PLX_C24_0014_000000,24,0,0.0,24.083333333333332,22.0,25.0,0.41055807757732693,21.0,False
X01_PLX_C24_0023_000000,24,0,0.0,24.5,24.0,25.0,0.41144760816128606,22.0,False
