matrix,branch_role,observation_id,isolation_anomaly_score,isolation_rank,isolation_flagged,pca_distance,kmeans_centroid_distance
A,primary_feature_tier_ablation,X01_PLX_C24_0001_000000,0.4392289038634113,17.0,False,1.522441948186324,0.6495449711448018
A,primary_feature_tier_ablation,X01_PLX_C24_0002_000000,0.4270714159177189,21.0,False,1.0224740610273941,1.0869977081606248
A,primary_feature_tier_ablation,X01_PLX_C24_0007_000000,0.44554422487396783,14.0,False,2.5720359345278982,0.9893816227744592
A,primary_feature_tier_ablation,X01_PLX_C24_0008_000000,0.4783498282563478,8.0,False,1.2207884410192031,2.3725673939151384
A,primary_feature_tier_ablation,X01_PLX_C24_0009_000000,0.44738426245630597,12.0,False,0.8407674812430367,1.8842662737457763
A,primary_feature_tier_ablation,X01_PLX_C24_0010_000000,0.5160695855775651,5.0,False,1.7969639662098615,2.683018879766965
A,primary_feature_tier_ablation,X01_PLX_C24_0014_000000,0.40121597772883943,24.0,False,0.9406583258488218,0.7814061163515524
A,primary_feature_tier_ablation,X01_PLX_C24_0015_000000,0.4125340137049377,22.0,False,1.710266084198678,0.41052997789772505
A,primary_feature_tier_ablation,X01_PLX_C24_0018_000000,0.6484688089755027,2.0,True,4.914170223873321,0.0
A,primary_feature_tier_ablation,X01_PLX_C24_0019_000000,0.4288617489403414,19.0,False,1.2371323390955276,1.3177738638668126
A,primary_feature_tier_ablation,X01_PLX_C24_0020_000000,0.53099334698993,3.0,True,2.983239129208382,1.6012352074479645
A,primary_feature_tier_ablation,X01_PLX_C24_0021_000000,0.4959343887172152,7.0,False,2.671236863031994,1.5510414537151553
A,primary_feature_tier_ablation,X01_PLX_C24_0022_000000,0.42981622015863524,18.0,False,2.142691833839601,1.2313466583886592
A,primary_feature_tier_ablation,X01_PLX_C24_0023_000000,0.39534600283594196,25.0,False,1.4030900445609336,0.47279957773243336
A,primary_feature_tier_ablation,X01_PLX_C24_0024_000000,0.4047901288596609,23.0,False,1.2291401329164828,0.6252127042099305
A,primary_feature_tier_ablation,X01_PLX_C24_0026_000000,0.45819422350622513,10.0,False,1.2944978172149937,1.781569046780396
A,primary_feature_tier_ablation,X01_PLX_G01_0002_000000,0.44650425708056224,13.0,False,2.172494642459926,0.6344312593743725
A,primary_feature_tier_ablation,X01_PLX_G01_0003_000000,0.47259479649839825,9.0,False,1.4752906262283458,2.261103108236579
A,primary_feature_tier_ablation,X01_PLX_G01_0004_000000,0.44411173186845015,15.0,False,2.642447495546109,0.9609378828630843
A,primary_feature_tier_ablation,X01_PLX_G01_0005_000000,0.4419297198031182,16.0,False,1.4822206535058167,1.132024928514055
A,primary_feature_tier_ablation,X01_PLX_G01_0006_000000,0.7094294563744509,1.0,True,6.555416506297875,0.0
A,primary_feature_tier_ablation,X01_PLX_P01_0005_000000,0.5286417914625337,4.0,True,2.942519155015078,2.0819419019554313
A,primary_feature_tier_ablation,X01_PLX_T24_0001_000000,0.42790926257080814,20.0,False,1.1157132275360495,1.1133248583613993
A,primary_feature_tier_ablation,X01_PLX_T24_0002_000000,0.49664548024055155,6.0,False,3.0527651431744682,1.3443495934553735
A,primary_feature_tier_ablation,X01_PLX_T24_0007_000000,0.45405287758637397,11.0,False,1.1874124702714832,2.7093352918778626
B,primary_feature_tier_ablation,X01_PLX_C24_0001_000000,0.4466618820688049,14.0,False,1.6536015748128994,1.47167489311395
B,primary_feature_tier_ablation,X01_PLX_C24_0002_000000,0.4232867613121776,21.0,False,0.9670723282735768,1.7081625137474539
B,primary_feature_tier_ablation,X01_PLX_C24_0007_000000,0.44678146270271674,13.0,False,3.1382586819902554,1.2503757769598551
B,primary_feature_tier_ablation,X01_PLX_C24_0008_000000,0.5086694704850466,5.0,False,2.0501491447966496,3.6802238731660504
B,primary_feature_tier_ablation,X01_PLX_C24_0009_000000,0.42883710686078913,20.0,False,1.851436803935508,1.6104365167446344
B,primary_feature_tier_ablation,X01_PLX_C24_0010_000000,0.5341598295158912,3.0,True,4.120742985925162,3.2024489114224166
B,primary_feature_tier_ablation,X01_PLX_C24_0014_000000,0.4086977280075836,22.0,False,0.9352034632736461,1.7775202746915142
B,primary_feature_tier_ablation,X01_PLX_C24_0015_000000,0.40291127978255376,23.0,False,1.8531546268029881,0.8779383338697995
B,primary_feature_tier_ablation,X01_PLX_C24_0018_000000,0.6145667900018461,2.0,True,4.970684415407543,4.911667439951879
B,primary_feature_tier_ablation,X01_PLX_C24_0019_000000,0.43679309639684577,18.0,False,1.5677750985742647,2.663238786350894
B,primary_feature_tier_ablation,X01_PLX_C24_0020_000000,0.5125700639585776,4.0,True,3.406999805674808,1.5886564465907385
B,primary_feature_tier_ablation,X01_PLX_C24_0021_000000,0.498924234231781,7.0,False,3.856975290326378,2.0996173462256214
B,primary_feature_tier_ablation,X01_PLX_C24_0022_000000,0.43739800058232037,17.0,False,3.012081562124843,1.5630108767056499
B,primary_feature_tier_ablation,X01_PLX_C24_0023_000000,0.39777798133295095,25.0,False,1.8077017739803567,0.9192602949566826
B,primary_feature_tier_ablation,X01_PLX_C24_0024_000000,0.40235845518380503,24.0,False,1.469329676170209,1.2347797923667427
B,primary_feature_tier_ablation,X01_PLX_C24_0026_000000,0.4658873466158047,11.0,False,2.185818610515655,2.905898164502112
B,primary_feature_tier_ablation,X01_PLX_G01_0002_000000,0.4434008177972519,16.0,False,2.2920689691041485,1.084154073745654
B,primary_feature_tier_ablation,X01_PLX_G01_0003_000000,0.49666122720121486,8.0,False,2.8943782427203333,1.9700568091783377
B,primary_feature_tier_ablation,X01_PLX_G01_0004_000000,0.45940538451162755,12.0,False,3.3829019244140004,1.681587621547612
B,primary_feature_tier_ablation,X01_PLX_G01_0005_000000,0.4326558582895985,19.0,False,1.474665678045131,1.8463669569532424
B,primary_feature_tier_ablation,X01_PLX_G01_0006_000000,0.6395586493211584,1.0,True,5.617197724312886,0.0
B,primary_feature_tier_ablation,X01_PLX_P01_0005_000000,0.506756406887009,6.0,False,3.3561590058320223,2.293742239830082
B,primary_feature_tier_ablation,X01_PLX_T24_0001_000000,0.44573111143714333,15.0,False,0.9619008145074233,2.2669248625769294
B,primary_feature_tier_ablation,X01_PLX_T24_0002_000000,0.4938021095331095,9.0,False,3.5912961838621382,1.7880588970535245
B,primary_feature_tier_ablation,X01_PLX_T24_0007_000000,0.47799130779309323,10.0,False,2.988496727710908,2.6986875060731013
C,primary_feature_tier_ablation,X01_PLX_C24_0001_000000,0.4283147322176883,17.0,False,2.008940284468685,1.534534197372027
C,primary_feature_tier_ablation,X01_PLX_C24_0002_000000,0.4183935006321447,19.0,False,1.506906688739348,1.941902403950914
C,primary_feature_tier_ablation,X01_PLX_C24_0007_000000,0.4492285855441128,12.0,False,3.3891743430877757,1.473448557931506
C,primary_feature_tier_ablation,X01_PLX_C24_0008_000000,0.4715202009373477,10.0,False,2.702469459733119,3.6738232250873963
C,primary_feature_tier_ablation,X01_PLX_C24_0009_000000,0.41966357029919055,18.0,False,2.0959221584054246,2.524758308676115
C,primary_feature_tier_ablation,X01_PLX_C24_0010_000000,0.5176113060335773,4.0,True,4.257908818332737,3.430533995558291
C,primary_feature_tier_ablation,X01_PLX_C24_0014_000000,0.39731378007072365,24.0,False,1.1985189553823414,2.1170349867209626
C,primary_feature_tier_ablation,X01_PLX_C24_0015_000000,0.40400781370070626,22.0,False,2.0289146141741803,1.3962928679405304
C,primary_feature_tier_ablation,X01_PLX_C24_0018_000000,0.6159638748895813,1.0,True,4.59862129781459,0.0
C,primary_feature_tier_ablation,X01_PLX_C24_0019_000000,0.41654908756839826,20.0,False,1.9004106801472858,1.8360642265771465
C,primary_feature_tier_ablation,X01_PLX_C24_0020_000000,0.5130101592565997,5.0,False,3.8301470603859,2.944649174867271
C,primary_feature_tier_ablation,X01_PLX_C24_0021_000000,0.47382597918745,9.0,False,3.9140023279910543,2.103312104849651
C,primary_feature_tier_ablation,X01_PLX_C24_0022_000000,0.44876286357895273,13.0,False,3.1716421135015636,2.4447782479451594
C,primary_feature_tier_ablation,X01_PLX_C24_0023_000000,0.39628011328147733,25.0,False,1.8978076327126754,1.2349889797644684
C,primary_feature_tier_ablation,X01_PLX_C24_0024_000000,0.40280495905515656,23.0,False,1.6336463740046367,1.5906171709292547
C,primary_feature_tier_ablation,X01_PLX_C24_0026_000000,0.44152767095407325,14.0,False,2.053186481364689,2.362366375116294
C,primary_feature_tier_ablation,X01_PLX_G01_0002_000000,0.4298958353035458,16.0,False,2.537706331799876,0.9257839326002483
C,primary_feature_tier_ablation,X01_PLX_G01_0003_000000,0.5723081972655861,3.0,True,4.999296232976102,4.418461712141389
C,primary_feature_tier_ablation,X01_PLX_G01_0004_000000,0.44964589158948065,11.0,False,3.578138356621961,1.65987027233973
C,primary_feature_tier_ablation,X01_PLX_G01_0005_000000,0.4106081986523583,21.0,False,2.0516648660987604,1.6692480613971175
C,primary_feature_tier_ablation,X01_PLX_G01_0006_000000,0.5935161327457337,2.0,True,3.4356674788778823,0.0
C,primary_feature_tier_ablation,X01_PLX_P01_0005_000000,0.5046556277000658,6.0,False,3.7028449077698977,2.922303437537261
C,primary_feature_tier_ablation,X01_PLX_T24_0001_000000,0.43235939574201154,15.0,False,1.5463295247778852,2.565190367512278
C,primary_feature_tier_ablation,X01_PLX_T24_0002_000000,0.47822943363741227,7.0,False,3.774666615353683,1.641053809632263
C,primary_feature_tier_ablation,X01_PLX_T24_0007_000000,0.4782181036399174,8.0,False,3.2583829134140307,1.4570775609898319
WR,independent_weightedroll_diagnostic,X01_PLX_C24_0001_000000,0.4645708476640701,15.0,False,1.4280096686679289,1.8352725045309226
WR,independent_weightedroll_diagnostic,X01_PLX_C24_0002_000000,0.42810928178680346,19.0,False,1.2586465910570077,0.9651494537448401
WR,independent_weightedroll_diagnostic,X01_PLX_C24_0007_000000,0.44194891650644536,17.0,False,0.23839809659756928,1.461920052328488
WR,independent_weightedroll_diagnostic,X01_PLX_C24_0008_000000,0.46461066683851354,14.0,False,1.7326202376870066,1.7067413595711909
WR,independent_weightedroll_diagnostic,X01_PLX_C24_0009_000000,0.413431768707271,25.0,False,1.501788433187877,0.6991403578855871
WR,independent_weightedroll_diagnostic,X01_PLX_C24_0010_000000,0.423233234963446,20.0,False,1.7027086946889753,0.8352109835533387
WR,independent_weightedroll_diagnostic,X01_PLX_C24_0014_000000,0.4685297356391381,13.0,False,2.002035391064076,1.1317009846502122
WR,independent_weightedroll_diagnostic,X01_PLX_C24_0015_000000,0.41731563715109476,23.0,False,0.6400566111469311,0.6949829022169787
WR,independent_weightedroll_diagnostic,X01_PLX_C24_0018_000000,0.5006600908723929,6.0,False,1.4170208989133235,1.8657434989336181
WR,independent_weightedroll_diagnostic,X01_PLX_C24_0019_000000,0.4191896738734512,21.0,False,0.4785091900751644,0.9057786080945223
WR,independent_weightedroll_diagnostic,X01_PLX_C24_0020_000000,0.44576651325468186,16.0,False,1.406579986397211,0.9066294612044519
WR,independent_weightedroll_diagnostic,X01_PLX_C24_0021_000000,0.49660053705723045,7.0,False,2.1384092144634677,1.4507625218619906
WR,independent_weightedroll_diagnostic,X01_PLX_C24_0022_000000,0.4820664291256387,9.0,False,2.1771515027122605,1.2250211312084411
WR,independent_weightedroll_diagnostic,X01_PLX_C24_0023_000000,0.6574349587624954,2.0,True,6.15777948171002,2.4062856236875194
WR,independent_weightedroll_diagnostic,X01_PLX_C24_0024_000000,0.4181262059974301,22.0,False,1.2455067297881919,0.675682503758485
WR,independent_weightedroll_diagnostic,X01_PLX_C24_0026_000000,0.47869076520482157,11.0,False,2.222355590934968,0.945294889247707
WR,independent_weightedroll_diagnostic,X01_PLX_G01_0002_000000,0.4923561974924327,8.0,False,2.7059423365457875,0.44436296453772534
WR,independent_weightedroll_diagnostic,X01_PLX_G01_0003_000000,0.6815585551802593,1.0,True,4.591386800914824,2.40628562368752
WR,independent_weightedroll_diagnostic,X01_PLX_G01_0004_000000,0.5344896683038357,4.0,True,1.5384598660529174,2.078197574407949
WR,independent_weightedroll_diagnostic,X01_PLX_G01_0005_000000,0.41363055232972745,24.0,False,1.1197917850335377,0.2764710528696409
WR,independent_weightedroll_diagnostic,X01_PLX_G01_0006_000000,0.5152953272926077,5.0,False,2.935703148450389,0.6663051699122972
WR,independent_weightedroll_diagnostic,X01_PLX_P01_0005_000000,0.4687597841255364,12.0,False,1.2204793514568584,1.4139146594489866
WR,independent_weightedroll_diagnostic,X01_PLX_T24_0001_000000,0.43154415083540654,18.0,False,1.690639218117105,0.793109044867786
WR,independent_weightedroll_diagnostic,X01_PLX_T24_0002_000000,0.4796293846658789,10.0,False,2.633958877918976,0.40447826836367057
WR,independent_weightedroll_diagnostic,X01_PLX_T24_0007_000000,0.6255807951304219,3.0,True,4.017475221215366,1.834111813203302
