observation_id,pca_distance,pca_rank,kmeans_centroid_distance,kmeans_rank,isolation_anomaly_score,isolation_rank
X01_PLX_C24_0018_000000,4.598621297814589,2.0,0.0,24.5,0.6159638748895813,1.0
X01_PLX_G01_0006_000000,3.435667478877883,9.0,0.0,24.5,0.5935161327457337,2.0
X01_PLX_G01_0003_000000,4.999296232976096,1.0,4.418461712141389,1.0,0.5723081972655861,3.0
X01_PLX_C24_0010_000000,4.257908818332736,3.0,3.430533995558291,3.0,0.5176113060335773,4.0
X01_PLX_C24_0020_000000,3.8301470603858996,5.0,2.944649174867271,4.0,0.5130101592565997,5.0
X01_PLX_P01_0005_000000,3.7028449077698977,7.0,2.922303437537261,5.0,0.5046556277000658,6.0
X01_PLX_T24_0002_000000,3.774666615353684,6.0,1.641053809632263,16.0,0.47822943363741227,7.0
X01_PLX_T24_0007_000000,3.258382913414029,11.0,1.4570775609898319,20.0,0.4782181036399174,8.0
X01_PLX_C24_0021_000000,3.9140023279910547,4.0,2.103312104849651,11.0,0.47382597918745,9.0
X01_PLX_C24_0008_000000,2.7024694597331154,13.0,3.6738232250873963,2.0,0.4715202009373477,10.0
X01_PLX_G01_0004_000000,3.5781383566219613,8.0,1.65987027233973,15.0,0.44964589158948065,11.0
X01_PLX_C24_0007_000000,3.3891743430877757,10.0,1.473448557931506,19.0,0.4492285855441128,12.0
X01_PLX_C24_0022_000000,3.1716421135015644,12.0,2.4447782479451594,8.0,0.44876286357895273,13.0
X01_PLX_C24_0026_000000,2.0531864813646874,16.0,2.362366375116294,9.0,0.44152767095407325,14.0
X01_PLX_T24_0001_000000,1.5463295247778839,23.0,2.565190367512278,6.0,0.43235939574201154,15.0
X01_PLX_G01_0002_000000,2.5377063317998765,14.0,0.9257839326002483,23.0,0.4298958353035458,16.0
X01_PLX_C24_0001_000000,2.0089402844686868,19.0,1.534534197372027,18.0,0.4283147322176883,17.0
X01_PLX_C24_0009_000000,2.0959221584054237,15.0,2.524758308676115,7.0,0.41966357029919055,18.0
X01_PLX_C24_0002_000000,1.5069066887393459,24.0,1.941902403950914,12.0,0.4183935006321447,19.0
X01_PLX_C24_0019_000000,1.900410680147284,20.0,1.8360642265771465,13.0,0.41654908756839826,20.0
X01_PLX_G01_0005_000000,2.0516648660987595,17.0,1.6692480613971175,14.0,0.4106081986523583,21.0
X01_PLX_C24_0015_000000,2.0289146141741803,18.0,1.3962928679405304,21.0,0.40400781370070626,22.0
X01_PLX_C24_0024_000000,1.633646374004637,22.0,1.5906171709292547,17.0,0.40280495905515656,23.0
X01_PLX_C24_0014_000000,1.1985189553823408,25.0,2.1170349867209626,10.0,0.39731378007072365,24.0
X01_PLX_C24_0023_000000,1.897807632712676,21.0,1.2349889797644684,22.0,0.39628011328147733,25.0
